1699845756.428,2023-11-13 03:22:36.428,0,62.7,19693116,1.1249999999563443,0,7.191296757779404,68054199716,null_state
1699845756.988,2023-11-13 03:22:36.988,0,59.03,19693152,1.1249999997744595,0,7.205220501749795,68054651987,null_state
1699845757.512,2023-11-13 03:22:37.512,0,69.93,19693188,1.1249999997744595,0,7.205220501749795,68054928701,null_state
1699845758.037,2023-11-13 03:22:38.037,0,99.08,19693224,1.8750000001091394,0,7.223204321676525,68055227260,null_state
1699845758.566,2023-11-13 03:22:38.566,0,88.54,19693260,1.8750000001091394,0,7.223204321676525,68055722523,null_state
1699845759.103,2023-11-13 03:22:39.103,0,82.6,19693332,0.812500000211017,0,7.226508467574928,68056019111,null_state
1699845759.629,2023-11-13 03:22:39.629,0,61.72,19693368,0.812500000211017,0,7.226508467574928,68056324007,null_state
1699845760.152,2023-11-13 03:22:40.152,0,62.56,19693404,1.3124999999490683,0,7.1975026997066625,68056568136,null_state
1699845760.676,2023-11-13 03:22:40.676,0,59.44,19693440,1.3124999999490683,0,7.1975026997066625,68056837932,null_state
1699845761.199,2023-11-13 03:22:41.199,0,96.04,19693476,1.3124999995852704,0,7.186310057881077,68057091869,null_state
1699845761.726,2023-11-13 03:22:41.726,0,86.57,19693512,1.3124999995852704,0,7.186310057881077,68057387051,null_state
1699845762.246,2023-11-13 03:22:42.246,0,78.97,19693584,1.500000000669388,0,7.209268385285846,68057717911,null_state
1699845762.773,2023-11-13 03:22:42.773,0,62.87,19693584,0.9374999997817355,0,7.198624402373278,68057993544,null_state
1699845763.298,2023-11-13 03:22:43.298,0,61.27,19693620,0.9374999997817355,0,7.198624402373278,68058241237,null_state
1699845763.822,2023-11-13 03:22:43.822,0,76.05,19693692,1.937499999985448,0,7.187090372779592,68058482734,null_state
1699845764.347,2023-11-13 03:22:44.347,0,60.61,19693692,1.937499999985448,0,7.187090372779592,68058715467,null_state
1699845764.873,2023-11-13 03:22:44.873,0,57.82,19693728,0.24999999986903276,0,7.201111656112298,68059014589,null_state
1699845765.398,2023-11-13 03:22:45.398,0,96.92,19693800,0.24999999986903276,0,7.201111656112298,68059285140,null_state
1699845765.982,2023-11-13 03:22:45.982,0,82.08,19693836,2.1250000001600853,0,7.21872970343035,68059590661,null_state
1699845766.506,2023-11-13 03:22:46.506,0,62.46,19693872,2.1250000001600853,0,7.21872970343035,68059843924,null_state
1699845767.031,2023-11-13 03:22:47.031,0,64.99,19693908,0.9374999997817355,0,7.190516442880888,68060285556,null_state
1699845767.556,2023-11-13 03:22:47.556,0,97.85,19693944,0.9374999997817355,0,7.190516442880888,68060571247,null_state
1699845768.078,2023-11-13 03:22:48.078,0,79.85,19693980,1.8125000000509317,0,7.197173504358852,68060849788,null_state
1699845768.601,2023-11-13 03:22:48.601,0,63.74,19694016,1.8125000000509317,0,7.197173504358852,68061165035,null_state
1699845769.123,2023-11-13 03:22:49.123,0,59.25,19694052,0.6875000000945874,0,7.198014781358814,68061482709,null_state
1699845769.647,2023-11-13 03:22:49.647,0,84.56,19694124,0.6875000000945874,0,7.198014781358814,68061787965,null_state
1699845770.173,2023-11-13 03:22:50.173,0,76.7,19694124,1.9375000001673612,0,7.198404938808071,68062040031,null_state
1699845770.698,2023-11-13 03:22:50.698,0,61.96,19694196,1.9375000001673612,0,7.198404938808071,68062312201,null_state
1699845771.222,2023-11-13 03:22:51.222,0,65.47,19694232,0.6874999995488764,0,7.2108290150828775,68062573971,null_state
1699845771.746,2023-11-13 03:22:51.746,0,59.89,19694232,0.6874999995488764,0,7.2108290150828775,68062862720,null_state
1699845772.271,2023-11-13 03:22:52.271,0,85.78,19694304,1.6250000000582077,0,7.212072641952387,68063121740,null_state
1699845772.797,2023-11-13 03:22:52.797,0,65.56,19694340,2.0624999999199787,0,7.176592698910497,68063402447,null_state
1699845773.32,2023-11-13 03:22:53.320,0,70.2,19694376,2.0624999999199787,0,7.176592698910497,68063629845,null_state
1699845773.844,2023-11-13 03:22:53.844,0,84.15,19694412,2.187499999854481,0,7.184359270634788,68063941035,null_state
1699845774.366,2023-11-13 03:22:54.366,0,84.26,19694448,2.187499999854481,0,7.184359270634788,68064169471,null_state
1699845774.89,2023-11-13 03:22:54.890,0,57.52,19694484,0.18749999999272404,0,7.203233137242638,68064452994,null_state
1699845775.413,2023-11-13 03:22:55.413,0,72.28,19694520,0.18749999999272404,0,7.203233137242638,68064736102,null_state
1699845775.937,2023-11-13 03:22:55.937,0,90.11,19694556,1.750000000356522,0,7.210902169604613,68065038605,null_state
1699845776.462,2023-11-13 03:22:56.462,0,84.9,19694592,1.750000000356522,0,7.210902169604613,68065295151,null_state
1699845776.986,2023-11-13 03:22:56.986,0,59.51,19694664,1.1875000000145661,0,7.215059784923268,68065655495,null_state
1699845777.58,2023-11-13 03:22:57.580,0,62.37,19694700,1.1875000000145661,0,7.215059784923268,68066077444,null_state
1699845778.11,2023-11-13 03:22:58.110,0,54.66,19694700,1.1875000000145661,0,7.2176445780246015,68066364308,null_state
1699845778.635,2023-11-13 03:22:58.635,0,84.73,19694772,1.1875000000145661,0,7.2176445780246015,68066643944,null_state
1699845779.157,2023-11-13 03:22:59.157,0,75.95,19694808,1.2500000002546585,0,7.1935645479532155,68066895423,null_state
1699845779.68,2023-11-13 03:22:59.680,0,61.82,19694844,1.2500000002546585,0,7.1935645479532155,68067211343,null_state
1699845780.203,2023-11-13 03:23:00.203,0,83.5,19694880,1.812499999323336,0,7.17866541035968,68067462632,null_state
1699845780.727,2023-11-13 03:23:00.727,0,85.3,19694916,1.812499999323336,0,7.17866541035968,68067728869,null_state
1699845781.251,2023-11-13 03:23:01.251,0,65.16,19694952,0.8750000000873115,0,7.136918563289085,68067988421,null_state
1699845781.775,2023-11-13 03:23:01.775,0,62.16,19694988,1.6250000004220198,0,7.140417787912118,68068301895,null_state
1699845782.301,2023-11-13 03:23:02.301,0,81.35,19695024,1.6250000004220198,0,7.140417787912118,68068549590,null_state
1699845782.831,2023-11-13 03:23:02.831,0,81.89,19695060,1.2499999998908748,0,7.133748534013866,68068843166,null_state
1699845783.354,2023-11-13 03:23:03.354,0,70.52,19695096,1.2499999998908748,0,7.133748534013866,68069078057,null_state
1699845783.877,2023-11-13 03:23:03.877,0,58.68,19695132,1.749999999992724,0,7.148330668679879,68069380204,null_state
1699845784.401,2023-11-13 03:23:04.401,0,89.06,19695204,1.749999999992724,0,7.148330668679879,68069609606,null_state
1699845784.928,2023-11-13 03:23:04.928,0,79.05,19695240,0.4375000002255547,0,7.146916347926319,68069890226,null_state
1699845785.453,2023-11-13 03:23:05.453,0,79.64,19695276,0.4375000002255547,0,7.146916347926319,68070141420,null_state
1699845785.979,2023-11-13 03:23:05.979,0,54.43,19695312,1.8124999996871338,0,7.163912581809615,68070463999,null_state
1699845786.503,2023-11-13 03:23:06.503,0,89.18,19695348,1.8124999996871338,0,7.163912581809615,68070714639,null_state
1699845787.048,2023-11-13 03:23:07.048,0,64.49,19695384,1.0000000000218279,0,7.187712186214347,68070975926,null_state
1699845787.575,2023-11-13 03:23:07.575,0,63.83,19695420,1.0000000000218279,0,7.187712186214347,68071396681,null_state
1699845788.107,2023-11-13 03:23:08.107,0,58.04,19695456,1.749999999992724,0,7.177312051707567,68071670389,null_state
1699845788.682,2023-11-13 03:23:08.682,0,82.66,19695492,1.749999999992724,0,7.177312051707567,68071959691,null_state
1699845789.206,2023-11-13 03:23:09.206,0,64.65,19695528,0.24999999986904697,0,7.164095468113955,68072214382,null_state
1699845789.731,2023-11-13 03:23:09.731,0,63.43,19695564,0.24999999986904697,0,7.164095468113955,68072541258,null_state
1699845790.256,2023-11-13 03:23:10.256,0,75.15,19695600,2.750000000196451,0,7.162961573027051,68072791598,null_state
1699845790.781,2023-11-13 03:23:10.781,0,79.02,19695672,0.5625000003419842,0,7.186688022910046,68073083391,null_state
1699845791.309,2023-11-13 03:23:11.309,0,68.04,19695672,0.5625000003419842,0,7.186688022910046,68073317565,null_state
1699845791.833,2023-11-13 03:23:11.833,0,57.66,19695708,2.0624999997380655,0,7.171630383852749,68073623394,null_state
1699845792.369,2023-11-13 03:23:12.369,0,74.75,19695744,2.0624999997380655,0,7.171630383852749,68073959272,null_state
1699845792.894,2023-11-13 03:23:12.894,0,81.66,19695816,0.7499999996070841,0,7.155158424041892,68074246253,null_state
1699845793.418,2023-11-13 03:23:13.418,0,77.73,19695852,0.7499999996070841,0,7.155158424041892,68074490609,null_state
1699845793.944,2023-11-13 03:23:13.944,0,61.09,19695888,1.562500000545711,0,7.181542821547956,68074789364,null_state
1699845794.469,2023-11-13 03:23:14.469,0,91.34,19695924,1.562500000545711,0,7.181542821547956,68075039654,null_state
1699845794.993,2023-11-13 03:23:14.993,0,81.28,19695960,0.5624999999781721,0,7.188858273721542,68075293915,null_state
1699845795.517,2023-11-13 03:23:15.517,0,77.8,19695996,0.5624999999781721,0,7.188858273721542,68075542840,null_state
1699845796.041,2023-11-13 03:23:16.041,0,57.63,19696032,2.0624999997380655,0,7.199270600648612,68075866401,null_state
1699845796.562,2023-11-13 03:23:16.562,0,92.06,19696068,2.0624999997380655,0,7.199270600648612,68076117674,null_state
1699845797.089,2023-11-13 03:23:17.089,0,81.89,19696140,0.0625000002401066,0,7.213401615763922,68076405345,null_state
1699845797.613,2023-11-13 03:23:17.613,0,67.58,19696176,0.0625000002401066,0,7.213401615763922,68076788501,null_state
1699845798.146,2023-11-13 03:23:18.146,0,59.41,19696176,1.9999999996798437,0,7.22225331289396,68077079351,null_state
1699845798.67,2023-11-13 03:23:18.670,0,94.72,19696248,1.9999999996798437,0,7.22225331289396,68077436833,null_state
1699845799.214,2023-11-13 03:23:19.214,0,86.32,19696284,1.1250000006839258,0,7.238176613791798,68077727103,null_state
1699845799.737,2023-11-13 03:23:19.737,0,68.55,19696320,1.1250000006839258,0,7.238176613791798,68078064695,null_state
1699845800.263,2023-11-13 03:23:20.263,0,60.04,19696356,1.8749999991996589,0,7.241980648922063,68078318444,null_state
1699845800.787,2023-11-13 03:23:20.787,0,73.66,19696392,0.562499999796259,0,7.225679382995256,68078594521,null_state
1699845801.311,2023-11-13 03:23:21.311,0,84.49,19696428,0.562499999796259,0,7.225679382995256,68078836001,null_state
1699845801.835,2023-11-13 03:23:21.835,0,80.21,19696500,1.8125000005966143,0,7.200611766880437,68079140241,null_state
1699845802.359,2023-11-13 03:23:22.359,0,59.72,19696536,1.8125000005966143,0,7.200611766880437,68079385570,null_state
1699845802.884,2023-11-13 03:23:22.884,0,78.55,19696572,0.562499999796259,0,7.212718840227721,68079663168,null_state
1699845803.41,2023-11-13 03:23:23.410,0,98.63,19696608,0.562499999796259,0,7.212718840227721,68079922982,null_state
1699845803.933,2023-11-13 03:23:23.933,0,87.56,19696644,1.3125000003128662,0,7.191174833576511,68080195589,null_state
1699845804.456,2023-11-13 03:23:24.456,0,62.89,19696680,1.3125000003128662,0,7.191174833576511,68080446173,null_state
1699845804.98,2023-11-13 03:23:24.980,0,56.07,19696716,1.187499999650754,0,7.213279691561028,68080702028,null_state
1699845805.504,2023-11-13 03:23:25.504,0,101.51,19696752,1.187499999650754,0,7.213279691561028,68080952034,null_state
1699845806.029,2023-11-13 03:23:26.029,0,77.88,19696824,1.7500000003565361,0,7.195588489721241,68081266765,null_state
1699845806.552,2023-11-13 03:23:26.552,0,64.59,19696824,1.7500000003565361,0,7.195588489721241,68081523184,null_state
1699845807.077,2023-11-13 03:23:27.077,0,61.62,19696896,0.8749999997235136,0,7.1793969555770385,68081925786,null_state
1699845807.609,2023-11-13 03:23:27.609,0,85.71,19696932,0.8749999997235136,0,7.1793969555770385,68082288538,null_state
1699845808.132,2023-11-13 03:23:28.132,0,80.44,19696968,1.6249999998763087,0,7.187931649779555,68082570379,null_state
1699845808.657,2023-11-13 03:23:28.657,0,65.29,19697004,1.6249999998763087,0,7.187931649779555,68082863386,null_state
1699845809.181,2023-11-13 03:23:29.181,0,67.47,19697040,0.7499999999708962,0,7.200867807706512,68083115452,null_state
1699845809.704,2023-11-13 03:23:29.704,0,86.45,19697076,0.7499999999708962,0,7.200867807706512,68083374105,null_state
1699845810.226,2023-11-13 03:23:30.226,0,78.43,19697148,1.8750000004729515,0,7.199831451981921,68083652997,null_state
1699845810.753,2023-11-13 03:23:30.753,0,64.55,19697148,1.8750000004729515,0,7.215705983198601,68083921516,null_state
1699845811.276,2023-11-13 03:23:31.276,0,63.76,19697184,0.625000000036394,0,7.215705983198601,68084183185,null_state
1699845811.803,2023-11-13 03:23:31.803,0,84.3,19697256,1.9374999996216644,0,7.189845859764976,68084476162,null_state
1699845812.33,2023-11-13 03:23:32.330,0,79.48,19697292,1.9374999996216644,0,7.189845859764976,68084737223,null_state
1699845812.854,2023-11-13 03:23:32.854,0,62.32,19697328,-0.18749999999272404,0,7.203306291764373,68085026221,null_state
1699845813.377,2023-11-13 03:23:33.377,0,78.81,19697364,-0.18749999999272404,0,7.203306291764373,68085270253,null_state
1699845813.901,2023-11-13 03:23:33.901,0,65.56,19697400,2.0625000001018634,0,7.222875126328715,68085570667,null_state
1699845814.427,2023-11-13 03:23:34.427,0,98.96,19697472,2.0625000001018634,0,7.222875126328715,68085825889,null_state
1699845814.951,2023-11-13 03:23:34.951,0,85.31,19697508,1.187499999832653,0,7.211231364952425,68086083873,null_state
1699845815.473,2023-11-13 03:23:35.473,0,97.66,19697544,1.187499999832653,0,7.211231364952425,68086332702,null_state
1699845815.999,2023-11-13 03:23:35.999,0,68.32,19697580,2.0624999997380655,0,7.199355947590637,68086647278,null_state
1699845816.527,2023-11-13 03:23:36.527,0,65.93,19697616,2.0624999997380655,0,7.199355947590637,68086904683,null_state
1699845817.054,2023-11-13 03:23:37.054,0,104.07,19697652,0.56250000034197,0,7.21059735909738,68087163625,null_state
1699845817.578,2023-11-13 03:23:37.578,0,94.23,19697724,0.56250000034197,0,7.21059735909738,68087515095,null_state
1699845818.101,2023-11-13 03:23:38.101,0,89.33,19697760,1.749999999992724,0,7.232458368676112,68087880592,null_state
1699845818.625,2023-11-13 03:23:38.625,0,62.03,19697796,1.749999999992724,0,7.232458368676112,68088166551,null_state
1699845819.148,2023-11-13 03:23:39.148,0,66.4,19697832,1.0625000000800213,0,7.247333121429069,68088431318,null_state
1699845819.713,2023-11-13 03:23:39.713,0,59.79,19697868,1.0625000000800213,0,7.247333121429069,68088749017,null_to_cold_process
1699845819.958,2023-11-13 03:23:39.958,0,83.7,19697868,1.4999999999417923,0,7.25047876586371,68088866764,null_to_cold_process
1699845820.238,2023-11-13 03:23:40.238,0,58.45,19697904,1.4999999999417923,0,7.25047876586371,68088996553,null_to_cold_process
1699845820.49,2023-11-13 03:23:40.490,0,69.48,19697904,1.4999999999417923,0,7.25047876586371,68089148714,null_to_cold_process
1699845820.73,2023-11-13 03:23:40.730,0,64.34,19697940,1.4999999999417923,0,7.25047876586371,68089264006,null_to_cold_process
1699845820.97,2023-11-13 03:23:40.970,0,65.44,19697940,0.06249999969440978,0,7.2553557339794335,68089409939,null_to_cold_process
1699845821.208,2023-11-13 03:23:41.208,0,56.12,19697976,0.06249999969440978,0,7.2553557339794335,68089533933,null_to_cold_process
1699845821.448,2023-11-13 03:23:41.448,0,98.43,19697976,0.06249999969440978,0,7.2553557339794335,68089669799,null_to_cold_process
1699845821.683,2023-11-13 03:23:41.683,0,83.09,19698012,0.06249999969440978,0,7.2553557339794335,68089793028,null_to_cold_process
1699845821.925,2023-11-13 03:23:41.925,0,81.18,19698012,2.500000000327418,0,7.2270571264879475,68090020304,null_to_cold_process
1699845822.158,2023-11-13 03:23:42.158,0,65.88,19698048,2.500000000327418,0,7.2270571264879475,68090155677,null_to_cold_process
1699845822.394,2023-11-13 03:23:42.394,0,64.06,19698048,2.500000000327418,0,7.2270571264879475,68090268586,null_to_cold_process
1699845822.626,2023-11-13 03:23:42.626,0,60.2,19698084,2.500000000327418,0,7.2270571264879475,68090408415,null_to_cold_process
1699845822.859,2023-11-13 03:23:42.859,0,80.39,19698084,0.8750000000873115,0,7.20584231518455,68090534698,null_to_cold_process
1699845823.089,2023-11-13 03:23:43.089,0,83.48,19698120,0.8750000000873115,0,7.20584231518455,68090648322,null_to_cold_process
1699845823.322,2023-11-13 03:23:43.322,0,64.87,19698120,0.8750000000873115,0,7.20584231518455,68090763443,null_to_cold_process
1699845823.556,2023-11-13 03:23:43.556,0,78.2,19698120,0.8750000000873115,0,7.20584231518455,68090907906,null_to_cold_process
1699845823.787,2023-11-13 03:23:43.787,0,60.36,19698156,1.562500000181899,0,7.194320478011153,68091037184,null_to_cold_process
1699845824.019,2023-11-13 03:23:44.019,0,60.85,19698156,1.562500000181899,0,7.194320478011153,68091168826,null_to_cold_process
1699845824.253,2023-11-13 03:23:44.253,0,61.19,19698192,1.562500000181899,0,7.194320478011153,68091287635,null_to_cold_process
1699845839.496,2023-11-13 03:23:59.496,0,81.68,19699344,0.9374999994179376,0,7.149074406317527,68099434441,cold_state
1699845840.02,2023-11-13 03:24:00.020,0,57.43,19699380,1.9375000010768417,0,7.147879549129174,68099723811,cold_state
1699845840.542,2023-11-13 03:24:00.542,0,82.54,19699416,1.9375000010768417,0,7.147879549129174,68099999827,cold_state
1699845841.067,2023-11-13 03:24:01.067,0,82.65,19699452,0.5624999997962732,0,7.1785556785770765,68100282525,cold_state
1699845841.59,2023-11-13 03:24:01.590,0,64.51,19699524,0.5624999997962732,0,7.1785556785770765,68100541785,cold_state
1699845842.115,2023-11-13 03:24:02.115,0,62.45,19699524,1.9999999996798579,0,7.21360888690884,68100796417,cold_state
1699845842.639,2023-11-13 03:24:02.639,0,85.68,19699596,1.9999999996798579,0,7.21360888690884,68101114297,cold_state
1699845843.162,2023-11-13 03:24:03.162,0,81.82,19699596,0.8750000004510952,0,7.2272400127922864,68101357795,cold_state
1699845843.686,2023-11-13 03:24:03.686,0,64.58,19699668,0.8750000004510952,0,7.2272400127922864,68101625256,cold_state
1699845844.215,2023-11-13 03:24:04.215,0,56.13,19699704,1.8749999999272404,0,7.240212747980113,68101890037,cold_state
1699845844.739,2023-11-13 03:24:04.739,0,87.27,19699740,1.8749999999272404,0,7.240212747980113,68102171070,cold_state
1699845845.268,2023-11-13 03:24:05.268,0,84.13,19699776,0.6249999998544951,0,7.212353067619041,68102418809,cold_state
1699845845.793,2023-11-13 03:24:05.793,0,61.69,19699812,2.062500000101849,0,7.229983307357382,68102712618,cold_state
1699845846.316,2023-11-13 03:24:06.316,0,56.71,19699848,2.062500000101849,0,7.229983307357382,68102981338,cold_state
1699845846.841,2023-11-13 03:24:06.841,0,82.74,19699884,-0.06250000005820766,0,7.2246796045315325,68103269634,cold_state
1699845847.363,2023-11-13 03:24:07.363,0,80.22,19699920,-0.06250000005820766,0,7.2246796045315325,68103547051,cold_state
1699845847.891,2023-11-13 03:24:07.891,0,60.38,19699956,2.6250000002619203,0,7.215035400082689,68103902780,cold_state
1699845848.414,2023-11-13 03:24:08.414,0,74.56,19700028,2.6250000002619203,0,7.215035400082689,68104231694,cold_state
1699845848.944,2023-11-13 03:24:08.944,0,83.01,19700064,0.6249999996725819,0,7.185493165721693,68104535595,cold_state
1699845849.468,2023-11-13 03:24:09.468,0,92.1,19700100,0.6249999996725819,0,7.185493165721693,68104793382,cold_state
1699845849.991,2023-11-13 03:24:09.991,0,58.84,19700136,1.812500000050946,0,7.1899068218664235,68105094075,cold_state
1699845850.518,2023-11-13 03:24:10.518,0,73.48,19700172,1.812500000050946,0,7.1899068218664235,68105365474,cold_state
1699845851.042,2023-11-13 03:24:11.042,0,81.23,19700208,0.8125000000291038,0,7.198441516068939,68105655545,cold_state
1699845851.569,2023-11-13 03:24:11.569,0,81.69,19700280,0.8125000000291038,0,7.198441516068939,68105910705,cold_state
1699845852.098,2023-11-13 03:24:12.098,0,60.5,19700280,1.8125000000509175,0,7.212316490358173,68106248077,cold_state
1699845852.625,2023-11-13 03:24:12.625,0,64.34,19700316,1.8125000000509175,0,7.212316490358173,68106551059,cold_state
1699845853.153,2023-11-13 03:24:13.153,0,75.62,19700352,0.6249999998544808,0,7.199441294532663,68106749813,cold_state
1699845853.678,2023-11-13 03:24:13.678,0,66.21,19700388,0.6249999998544808,0,7.199441294532663,68107012605,cold_state
1699845854.205,2023-11-13 03:24:14.205,0,56.23,19700424,2.0624999999199503,0,7.21748607656084,68107264480,cold_state
1699845854.732,2023-11-13 03:24:14.732,0,91.61,19700460,2.0624999999199503,0,7.21748607656084,68107560499,cold_state
1699845855.258,2023-11-13 03:24:15.258,0,73.02,19700496,0.3125000002910241,0,7.192308728663417,68107808019,cold_state
1699845855.784,2023-11-13 03:24:15.784,0,63.25,19700532,1.749999999810825,0,7.217595808343444,68108070561,cold_state
1699845856.309,2023-11-13 03:24:16.309,0,56.27,19700568,1.749999999810825,0,7.217595808343444,68108318194,cold_state
1699845856.838,2023-11-13 03:24:16.838,0,81.48,19700640,1.124999999774431,0,7.204732804938223,68108622851,cold_state
1699845857.362,2023-11-13 03:24:17.362,0,95.67,19700676,1.124999999774431,0,7.204732804938223,68108905134,cold_state
1699845857.886,2023-11-13 03:24:17.886,0,63.45,19700712,1.5000000003055902,0,7.203623294691895,68109238337,cold_state
1699845858.413,2023-11-13 03:24:18.413,0,66.02,19700748,1.5000000003055902,0,7.203623294691895,68109596425,cold_state
1699845858.942,2023-11-13 03:24:18.942,0,86.55,19700784,0.6250000002182787,0,7.250039838733295,68109926941,cold_state
1699845859.465,2023-11-13 03:24:19.465,0,96.41,19700820,0.6250000002182787,0,7.250039838733295,68110240177,cold_state
1699845859.989,2023-11-13 03:24:19.989,0,58.69,19700856,2.187499999672582,0,7.232629062560162,68110522749,cold_state
1699845860.522,2023-11-13 03:24:20.522,0,59.21,19700892,2.187499999672582,0,7.232629062560162,68110829230,cold_state
1699845861.045,2023-11-13 03:24:21.045,0,61.67,19700928,0.3124999997453273,0,7.2282154064154325,68111097225,cold_state
1699845861.569,2023-11-13 03:24:21.569,0,64.22,19700964,0.3124999997453273,0,7.2282154064154325,68111359766,cold_state
1699845862.093,2023-11-13 03:24:22.093,0,81.95,19701000,2.4375000004511094,0,7.230507581429822,68111611485,cold_state
1699845862.616,2023-11-13 03:24:22.616,0,64.4,19701036,2.4375000004511094,0,7.230507581429822,68111926720,cold_state
1699845863.14,2023-11-13 03:24:23.140,0,57.51,19701072,0.12499999993451638,0,7.232336444473218,68112175385,cold_state
1699845863.663,2023-11-13 03:24:23.663,0,62.75,19701108,0.12499999993451638,0,7.232336444473218,68112447335,cold_state
1699845864.187,2023-11-13 03:24:24.187,0,78.88,19701144,1.9374999998035634,0,7.220838992140401,68112688693,cold_state
1699845864.71,2023-11-13 03:24:24.710,0,63.99,19701180,1.9374999998035634,0,7.220838992140401,68112983294,cold_state
1699845865.235,2023-11-13 03:24:25.235,0,55.09,19701216,1.1875000003783498,0,7.220985301183871,68113227979,cold_state
1699845865.76,2023-11-13 03:24:25.760,0,88.28,19701252,1.7499999996289404,0,7.201721277126763,68113505081,cold_state
1699845866.288,2023-11-13 03:24:26.288,0,77.0,19701288,1.7499999996289404,0,7.201721277126763,68113764100,cold_state
1699845866.814,2023-11-13 03:24:26.814,0,61.31,19701324,0.8125000000290896,0,7.202647901068751,68114080862,cold_state
1699845867.339,2023-11-13 03:24:27.339,0,55.95,19701360,0.8125000000290896,0,7.202647901068751,68114386850,cold_state
1699845867.862,2023-11-13 03:24:27.862,0,57.25,19701396,1.500000000123677,0,7.233458147139834,68114768605,cold_state
1699845868.387,2023-11-13 03:24:28.387,0,99.39,19701432,1.500000000123677,0,7.233458147139834,68115079295,cold_state
1699845868.914,2023-11-13 03:24:28.914,0,85.02,19701468,0.5624999999781863,0,7.230324695125483,68115407133,cold_state
1699845869.44,2023-11-13 03:24:29.440,0,99.47,19701540,0.5624999999781863,0,7.230324695125483,68115656525,cold_state
1699845869.964,2023-11-13 03:24:29.964,0,67.1,19701576,1.9374999999854339,0,7.2322510975311936,68115936233,cold_state
1699845870.487,2023-11-13 03:24:30.487,0,61.5,19701612,1.9374999999854339,0,7.2322510975311936,68116196216,cold_state
1699845871.019,2023-11-13 03:24:31.019,0,80.32,19701648,0.7500000001528093,0,7.216656991981167,68116503400,cold_state
1699845871.542,2023-11-13 03:24:31.542,0,78.68,19701648,0.7500000001528093,0,7.216656991981167,68116775284,cold_state
1699845872.07,2023-11-13 03:24:32.070,0,64.39,19701684,1.749999999810811,0,7.204196338445493,68117034806,cold_state
1699845872.597,2023-11-13 03:24:32.597,0,65.1,19701720,1.749999999810811,0,7.204196338445493,68117332059,cold_state
1699845873.121,2023-11-13 03:24:33.121,0,85.01,19701756,1.3124999999490825,0,7.2224361991983,68117589493,cold_state
1699845873.644,2023-11-13 03:24:33.644,0,64.48,19701792,1.3124999999490825,0,7.2224361991983,68117861937,cold_state
1699845874.168,2023-11-13 03:24:34.168,0,75.79,19701864,1.5625000001818847,0,7.208183259880098,68118109318,cold_state
1699845874.694,2023-11-13 03:24:34.694,0,68.34,19701864,1.5625000001818847,0,7.208183259880098,68118403573,cold_state
1699845875.218,2023-11-13 03:24:35.218,0,54.9,19701900,0.2500000000509175,0,7.22171684640123,68118651501,cold_state
1699845875.753,2023-11-13 03:24:35.753,0,62.78,19701936,0.2500000000509175,0,7.22171684640123,68118912394,cold_state
1699845876.278,2023-11-13 03:24:36.278,0,91.39,19702008,2.0624999999199503,0,7.189650781040348,68119190391,cold_state
1699845876.805,2023-11-13 03:24:36.805,0,92.29,19702044,0.7499999997890114,0,7.205464350155581,68119507564,cold_state
1699845877.33,2023-11-13 03:24:37.330,0,93.33,19702080,0.7499999997890114,0,7.205464350155581,68119758154,cold_state
1699845877.862,2023-11-13 03:24:37.862,0,93.71,19702152,1.5624999996362021,0,7.233738572806489,68120088308,cold_state
1699845878.397,2023-11-13 03:24:38.397,0,87.98,19702224,1.5624999996362021,0,7.233738572806489,68120407365,cold_state
1699845878.94,2023-11-13 03:24:38.940,0,75.96,19702260,1.0000000007494378,0,7.234726158849923,68120741108,cold_state
1699845879.463,2023-11-13 03:24:39.463,0,79.59,19702296,1.0000000007494378,0,7.234726158849923,68121005933,cold_state
1699845879.986,2023-11-13 03:24:39.986,0,72.3,19702332,1.812500000050946,0,7.226508467574928,68121275985,cold_state
1699845880.511,2023-11-13 03:24:40.511,0,70.35,19702368,1.812500000050946,0,7.226508467574928,68121553035,cold_state
1699845881.035,2023-11-13 03:24:41.035,0,59.73,19702404,0.7499999996070983,0,7.229739458951595,68121854772,cold_state
1699845881.559,2023-11-13 03:24:41.559,0,60.78,19702440,0.7499999996070983,0,7.229739458951595,68122133150,cold_state
1699845882.083,2023-11-13 03:24:42.083,0,82.36,19702476,2.0625000004656613,0,7.2229604732707395,68122469815,cold_state
1699845882.607,2023-11-13 03:24:42.607,0,71.85,19702512,2.0625000004656613,0,7.2229604732707395,68122746709,cold_state
1699845883.131,2023-11-13 03:24:43.131,0,58.74,19702548,-0.2500000005966285,0,7.238225383472955,68123025589,cold_state
1699845883.656,2023-11-13 03:24:43.656,0,61.3,19702584,-0.2500000005966285,0,7.238225383472955,68123295125,cold_state
1699845884.186,2023-11-13 03:24:44.186,0,87.23,19702620,2.37499999966532,0,7.201599352923871,68123542224,cold_state
1699845884.709,2023-11-13 03:24:44.709,0,83.96,19702656,2.37499999966532,0,7.201599352923871,68123841104,cold_state
1699845885.231,2023-11-13 03:24:45.231,0,61.06,19702692,0.812500000211017,0,7.201123848532587,68124085864,cold_state
1699845885.756,2023-11-13 03:24:45.756,0,64.31,19702728,0.812500000211017,0,7.205866700025129,68124364197,cold_state
1699845886.282,2023-11-13 03:24:46.282,0,82.41,19702764,1.7499999999927098,0,7.205866700025129,68124615331,cold_state
1699845886.81,2023-11-13 03:24:46.810,0,53.86,19702800,0.4375000004074394,0,7.209329347387293,68124888412,cold_state
1699845887.332,2023-11-13 03:24:47.332,0,60.87,19702836,0.4375000004074394,0,7.209329347387293,68125107816,cold_state
1699845887.855,2023-11-13 03:24:47.855,0,66.54,19702872,1.7499999994470272,0,7.211085055908953,68125434279,cold_state
1699845888.383,2023-11-13 03:24:48.383,0,85.03,19702908,1.7499999994470272,0,7.211085055908953,68125745457,cold_state
1699845888.93,2023-11-13 03:24:48.930,0,66.36,19702944,1.2500000002546585,0,7.2177055401260475,68126173593,cold_state
1699845889.455,2023-11-13 03:24:49.455,0,79.1,19702980,1.2500000002546585,0,7.2177055401260475,68126491723,cold_state
1699845889.979,2023-11-13 03:24:49.979,0,66.75,19703016,1.3125000001309672,0,7.206756746706248,68126755496,cold_state
1699845890.501,2023-11-13 03:24:50.501,0,63.93,19703052,1.3125000001309672,0,7.206756746706248,68127038607,cold_state
1699845891.026,2023-11-13 03:24:51.026,0,59.01,19703088,1.0000000002037268,0,7.212767609908878,68127349920,cold_state
1699845891.553,2023-11-13 03:24:51.553,0,76.97,19703124,1.0000000002037268,0,7.212767609908878,68127602687,cold_state
1699845892.079,2023-11-13 03:24:52.079,0,86.0,19703160,2.0624999997380655,0,7.227764286864728,68127880243,cold_state
1699845892.605,2023-11-13 03:24:52.605,0,83.83,19703232,2.0624999997380655,0,7.227764286864728,68128150717,cold_state
1699845893.132,2023-11-13 03:24:53.132,0,70.9,19703232,1.7499999999927098,0,7.196283457677731,68128428907,cold_state
1699845893.664,2023-11-13 03:24:53.664,0,64.3,19703304,1.7499999999927098,0,7.196283457677731,68128682624,cold_state
1699845894.19,2023-11-13 03:24:54.190,0,75.41,19703340,1.6250000006039045,0,7.167436191273227,68129006348,cold_state
1699845894.716,2023-11-13 03:24:54.716,0,64.47,19703340,1.6250000006039045,0,7.167436191273227,68129271608,cold_state
1699845895.241,2023-11-13 03:24:55.241,0,55.16,19703376,1.4999999990323118,0,7.180567427924813,68129543738,cold_state
1699845895.766,2023-11-13 03:24:55.766,0,59.35,19703412,1.7500000007203198,0,7.157816371664961,68129826938,cold_state
1699845896.29,2023-11-13 03:24:56.290,0,79.18,19703448,1.7500000007203198,0,7.157816371664961,68130086438,cold_state
1699845896.813,2023-11-13 03:24:56.813,0,70.22,19703520,0.18749999962894037,0,7.186139363997027,68130383593,cold_state
1699845897.338,2023-11-13 03:24:57.338,0,55.39,19703520,0.18749999962894037,0,7.186139363997027,68130676113,cold_state
1699845897.861,2023-11-13 03:24:57.861,0,52.55,19703556,2.3125000003347083,0,7.186712407750624,68131002571,cold_state
1699845898.385,2023-11-13 03:24:58.385,0,67.03,19703628,2.3125000003347083,0,7.186712407750624,68131294989,cold_state
1699845898.909,2023-11-13 03:24:58.909,0,56.45,19703628,0.7499999996070983,0,7.1909675624315925,68131677951,cold_state
1699845899.498,2023-11-13 03:24:59.498,0,79.15,19703664,0.7499999996070983,0,7.1909675624315925,68131950469,cold_state
1699845900.023,2023-11-13 03:25:00.023,0,81.84,19703700,2.0000000002255547,0,7.1889680055041465,68132212919,cold_state
1699845900.547,2023-11-13 03:25:00.547,0,83.72,19703736,2.0000000002255547,0,7.1889680055041465,68133039789,cold_state
1699845901.072,2023-11-13 03:25:01.072,0,59.22,19703772,0.6249999998544666,0,7.1732032060700694,68133342587,cold_state
1699845901.597,2023-11-13 03:25:01.597,0,64.1,19703844,0.6249999998544666,0,7.1732032060700694,68133627438,cold_state
1699845902.126,2023-11-13 03:25:02.126,0,92.58,19703844,2.187499999854481,0,7.1806161976059695,68133898821,cold_state
1699845902.669,2023-11-13 03:25:02.669,0,90.33,19703916,2.187499999854481,0,7.1806161976059695,68134171623,cold_to_null_process
1699845983.225,2023-11-13 03:26:23.225,0,84.07,19709928,1.000000000021842,0,7.218827242792663,68222288865,warm_disk_state
1699845983.749,2023-11-13 03:26:23.749,0,79.02,19709964,1.000000000021842,0,7.218827242792663,68222577077,warm_disk_state
1699845984.274,2023-11-13 03:26:24.274,0,58.22,19710000,2.2579840320377684,0,7.218120082415884,68222842159,warm_disk_state
1699845984.801,2023-11-13 03:26:24.801,0,54.78,19710036,0.4258517034432714,0,7.203391638706398,68223126651,warm_disk_state
1699845985.325,2023-11-13 03:26:25.325,0,92.74,19710072,0.4258517034432714,0,7.203391638706398,68223354172,warm_disk_state
1699845985.854,2023-11-13 03:26:25.854,0,81.65,19710108,1.8749999995634425,0,7.2343725786615325,68223669484,warm_disk_state
1699845986.378,2023-11-13 03:26:26.378,0,78.38,19710180,1.8749999995634425,0,7.2343725786615325,68223921394,warm_disk_state
1699845986.901,2023-11-13 03:26:26.901,0,58.53,19710180,0.9374999997817213,0,7.239115430154075,68224197325,warm_disk_state
1699845987.427,2023-11-13 03:26:27.427,0,78.79,19710252,0.9374999997817213,0,7.239115430154075,68224503384,warm_disk_state
1699845987.952,2023-11-13 03:26:27.952,0,84.89,19710288,1.375000000371088,0,7.227678939922702,68224770548,warm_disk_state
1699845988.474,2023-11-13 03:26:28.474,0,59.14,19710324,1.375000000371088,0,7.227678939922702,68225066866,warm_disk_state
1699845988.999,2023-11-13 03:26:28.999,0,71.54,19710360,0.750000000334694,0,7.231275703908048,68225384031,warm_disk_state
1699845989.529,2023-11-13 03:26:29.529,0,100.43,19710396,0.750000000334694,0,7.231275703908048,68225721695,warm_disk_state
1699845990.053,2023-11-13 03:26:30.053,0,83.75,19710432,1.3124999995852704,0,7.2330923745311555,68226043576,warm_disk_state
1699845990.578,2023-11-13 03:26:30.578,0,67.44,19710468,1.3124999995852704,0,7.2330923745311555,68226299807,warm_disk_state
1699845991.103,2023-11-13 03:26:31.103,0,64.14,19710504,1.3125000001309672,0,7.20830518408299,68226563938,warm_disk_state
1699845991.627,2023-11-13 03:26:31.627,0,88.4,19710540,1.3125000001309672,0,7.20830518408299,68226838713,warm_disk_state
1699845992.156,2023-11-13 03:26:32.156,0,70.39,19710612,1.812500000050946,0,7.205452157735293,68227104956,warm_disk_state
1699845992.685,2023-11-13 03:26:32.685,0,67.42,19710648,1.812500000050946,0,7.205452157735293,68227385359,warm_disk_state
1699845993.209,2023-11-13 03:26:33.209,0,92.83,19710684,0.8749999999054126,0,7.22171684640123,68227650680,warm_disk_state
1699845993.738,2023-11-13 03:26:33.738,0,82.67,19710720,0.8749999999054126,0,7.22171684640123,68227937074,warm_disk_state
1699845994.265,2023-11-13 03:26:34.265,0,66.36,19710756,1.6874999999345022,0,7.2072322510975315,68228204521,warm_disk_state
1699845994.791,2023-11-13 03:26:34.791,0,54.9,19710792,0.6875000002764864,0,7.22789840348791,68228485791,warm_disk_state
1699845995.314,2023-11-13 03:26:35.314,0,94.34,19710828,0.6875000002764864,0,7.22789840348791,68228723630,warm_disk_state
1699845995.839,2023-11-13 03:26:35.839,0,78.48,19710864,1.7499999999927383,0,7.22703274164737,68229033779,warm_disk_state
1699845996.362,2023-11-13 03:26:36.362,0,63.69,19710936,1.7499999999927383,0,7.22703274164737,68229298564,warm_disk_state
1699845996.886,2023-11-13 03:26:36.886,0,59.09,19710936,0.4374999998617568,0,7.25825753000829,68229579071,warm_disk_state
1699845997.409,2023-11-13 03:26:37.409,0,73.75,19711008,0.4374999998617568,0,7.25825753000829,68229818486,warm_disk_state
1699845997.933,2023-11-13 03:26:37.933,0,61.22,19711044,1.8749999999272404,0,7.248552363458,68230101341,warm_disk_state
1699845998.459,2023-11-13 03:26:38.459,0,61.32,19711080,1.8749999999272404,0,7.248552363458,68230409388,warm_disk_state
1699845998.981,2023-11-13 03:26:38.981,0,58.76,19711116,1.0000000000218279,0,7.2448824449509175,68230719394,warm_disk_state
1699845999.507,2023-11-13 03:26:39.507,0,99.9,19711152,1.0000000000218279,0,7.2448824449509175,68230987436,warm_disk_state
1699846000.239,2023-11-13 03:26:40.239,0,59.15,19711188,1.1249999999563585,0,7.245077523675548,68231179005,warm_disk_state
1699846002.45,2023-11-13 03:26:42.450,0,77.46,19711260,0.7500000001527951,0,7.237164642907786,68231332603,warm_disk_state
1699846003.201,2023-11-13 03:26:43.201,0,61.68,19711404,0.2500000000509317,0,7.253185483167937,68231671592,warm_disk_state
1699846003.748,2023-11-13 03:26:43.748,0,62.35,19711440,0.2500000000509317,0,7.253185483167937,68231865764,warm_disk_state
1699846004.273,2023-11-13 03:26:44.273,0,80.08,19711476,2.312499999970896,0,7.257696678674981,68232120713,warm_disk_state
1699846004.796,2023-11-13 03:26:44.796,0,80.7,19711548,0.9375000003274039,0,7.2405053660670555,68232419714,warm_disk_state
1699846005.324,2023-11-13 03:26:45.324,0,58.61,19711548,0.9375000003274039,0,7.2405053660670555,68232650443,warm_disk_state
1699846005.846,2023-11-13 03:26:45.846,0,57.01,19711620,1.6874999993888196,0,7.223594479125783,68232960338,warm_disk_state
1699846006.381,2023-11-13 03:26:46.381,0,100.15,19711656,1.6874999993888196,0,7.223594479125783,68233195799,warm_disk_state
1699846006.905,2023-11-13 03:26:46.905,0,81.26,19711692,0.8125000000291038,0,7.226471890314061,68233494921,warm_disk_state
1699846007.429,2023-11-13 03:26:47.429,0,99.26,19711728,0.8125000000291038,0,7.226471890314061,68233756159,warm_disk_state
1699846007.954,2023-11-13 03:26:47.954,0,63.93,19711764,1.6250000002400924,0,7.229678496850149,68234012978,warm_disk_state
1699846008.477,2023-11-13 03:26:48.477,0,66.08,19711800,1.6250000002400924,0,7.229678496850149,68234269906,warm_disk_state
1699846009,2023-11-13 03:26:49.000,0,88.64,19711836,0.5624999999781721,0,7.232946065487685,68234693858,warm_disk_state
1699846009.524,2023-11-13 03:26:49.524,0,87.98,19711908,0.5624999999781721,0,7.232946065487685,68235054733,warm_disk_state
1699846010.045,2023-11-13 03:26:50.045,0,65.96,19711944,1.937499999985448,0,7.260866707950202,68235314775,warm_disk_state
1699846010.571,2023-11-13 03:26:50.571,0,68.67,19711980,1.937499999985448,0,7.260866707950202,68235576807,warm_disk_state
1699846011.095,2023-11-13 03:26:51.095,0,58.56,19711980,0.25000000023283064,0,7.236128287183194,68235871344,warm_disk_state
1699846011.619,2023-11-13 03:26:51.619,0,89.25,19712052,0.25000000023283064,0,7.236128287183194,68236145826,warm_disk_state
1699846012.141,2023-11-13 03:26:52.141,0,56.04,19712088,1.937499999985448,0,7.230946508560238,68236388435,warm_disk_state
1699846012.666,2023-11-13 03:26:52.666,0,68.62,19712124,1.937499999985448,0,7.230946508560238,68236650892,warm_disk_state
1699846013.196,2023-11-13 03:26:53.196,0,91.81,19712160,0.6249999996725677,0,7.244528864762527,68236952421,warm_disk_state
1699846013.722,2023-11-13 03:26:53.722,0,90.82,19712196,0.6249999996725677,0,7.244528864762527,68237240622,warm_disk_state
1699846014.248,2023-11-13 03:26:54.248,0,55.66,19712232,3.9375000000290896,0,7.241054024980074,68237500693,warm_disk_state
1699846014.771,2023-11-13 03:26:54.771,0,54.51,19712268,0.9374999997817213,0,7.223167744415658,68237784328,warm_disk_state
1699846015.295,2023-11-13 03:26:55.295,0,69.46,19712304,0.9374999997817213,0,7.223167744415658,68238034160,warm_disk_state
1699846015.817,2023-11-13 03:26:55.817,0,75.86,19712340,1.5000000004874892,0,7.220595143734614,68238343164,warm_disk_state
1699846016.34,2023-11-13 03:26:56.340,0,63.02,19712412,1.5000000004874892,0,7.220595143734614,68238591884,warm_disk_state
1699846016.865,2023-11-13 03:26:56.865,0,54.13,19712412,0.9374999999636344,0,7.214694012314589,68238905938,warm_disk_state
1699846017.388,2023-11-13 03:26:57.388,0,105.52,19712484,0.9374999999636344,0,7.214694012314589,68239142493,warm_disk_state
1699846017.913,2023-11-13 03:26:57.913,0,79.07,19712520,1.2500000002546443,0,7.2141697382421475,68239467215,warm_disk_state
1699846018.436,2023-11-13 03:26:58.436,0,67.25,19712556,1.2500000002546443,0,7.2141697382421475,68239710900,warm_disk_state
1699846018.959,2023-11-13 03:26:58.959,0,62.32,19712592,1.249999999345178,0,7.21484032135806,68240037365,warm_disk_state
1699846019.483,2023-11-13 03:26:59.483,0,72.77,19712628,1.249999999345178,0,7.21484032135806,68240405750,warm_disk_state
1699846020.006,2023-11-13 03:27:00.006,0,86.53,19712664,2.0625000004656613,0,7.202611323807884,68240685699,warm_disk_state
1699846020.533,2023-11-13 03:27:00.533,0,91.94,19712700,2.0625000004656613,0,7.202611323807884,68241114453,warm_disk_state
1699846021.057,2023-11-13 03:27:01.057,0,61.73,19712736,0.8749999999054126,0,7.206988402691746,68241398958,warm_disk_state
1699846021.584,2023-11-13 03:27:01.584,0,69.38,19712772,0.8749999999054126,0,7.206988402691746,68241660238,warm_disk_state
1699846022.109,2023-11-13 03:27:02.109,0,92.92,19712808,1.5625000000000142,0,7.220912146662135,68241920327,warm_disk_state
1699846022.633,2023-11-13 03:27:02.633,0,93.69,19712880,1.5625000000000142,0,7.220912146662135,68242177055,warm_disk_state
1699846023.156,2023-11-13 03:27:03.156,0,55.68,19712916,0.12499999975261744,0,7.22348474734318,68242486831,warm_disk_state
1699846023.682,2023-11-13 03:27:03.682,0,69.94,19712952,0.12499999975261744,0,7.22348474734318,68242755544,warm_disk_state
1699846024.205,2023-11-13 03:27:04.205,0,63.46,19712988,2.374999999847205,0,7.214011236778386,68243023937,warm_disk_state
1699846024.732,2023-11-13 03:27:04.732,0,79.23,19713024,2.374999999847205,0,7.214011236778386,68243295318,warm_disk_state
1699846025.254,2023-11-13 03:27:05.254,0,69.12,19713060,0.8125000000291038,0,7.214754974416035,68243528313,warm_disk_state
1699846025.78,2023-11-13 03:27:05.780,0,59.07,19713096,2.0000000002255547,0,7.214279470024752,68243811283,warm_disk_state
1699846026.307,2023-11-13 03:27:06.307,0,62.4,19713132,2.0000000002255547,0,7.214279470024752,68244063747,warm_disk_state
1699846026.835,2023-11-13 03:27:06.835,0,83.0,19713168,0.375000000167347,0,7.225167301343105,68244358824,warm_disk_state
1699846027.357,2023-11-13 03:27:07.357,0,89.6,19713204,0.375000000167347,0,7.225167301343105,68244627829,warm_disk_state
1699846027.881,2023-11-13 03:27:07.881,0,62.57,19713240,1.9999999998617568,0,7.241456374849621,68244908518,warm_disk_state
1699846028.406,2023-11-13 03:27:08.406,0,54.33,19713276,1.9999999998617568,0,7.241456374849621,68245166142,warm_disk_state
1699846028.933,2023-11-13 03:27:08.933,0,83.29,19713312,1.0625000000800355,0,7.228837219850187,68245465094,warm_disk_state
1699846029.469,2023-11-13 03:27:09.469,0,92.82,19713348,1.0625000000800355,0,7.228837219850187,68245808327,warm_disk_state
1699846029.993,2023-11-13 03:27:09.993,0,60.68,19713384,1.3124999999490683,0,7.245723721950879,68246139368,warm_disk_state
1699846030.518,2023-11-13 03:27:10.518,0,67.31,19713420,1.3124999999490683,0,7.245723721950879,68246404614,warm_disk_state
1699846031.041,2023-11-13 03:27:11.041,0,87.93,19713456,0.6875000002764722,0,7.232921680647106,68246697728,warm_disk_state
1699846031.564,2023-11-13 03:27:11.564,0,87.9,19713528,0.6875000002764722,0,7.232921680647106,68246969162,warm_disk_state
1699846032.09,2023-11-13 03:27:12.090,0,60.08,19713528,2.12499999961436,0,7.218217621778199,68247226477,warm_disk_state
1699846032.61,2023-11-13 03:27:12.610,0,66.61,19713564,2.12499999961436,0,7.218217621778199,68247490685,warm_disk_state
1699846033.134,2023-11-13 03:27:13.134,0,81.54,19713636,0.8125000003929017,0,7.237823033603408,68247841285,warm_disk_state
1699846033.664,2023-11-13 03:27:13.664,0,88.4,19713672,0.8125000003929017,0,7.237823033603408,68248144442,warm_disk_state
1699846034.192,2023-11-13 03:27:14.192,0,54.36,19713708,1.9374999994397513,0,7.22082679972011,68248420633,warm_disk_state
1699846034.716,2023-11-13 03:27:14.716,0,55.93,19713744,1.9374999994397513,0,7.22082679972011,68248695311,warm_disk_state
1699846035.241,2023-11-13 03:27:15.241,0,56.67,19713780,0.6875000000946017,0,7.204415802010701,68248969535,warm_disk_state
1699846035.763,2023-11-13 03:27:15.763,0,77.81,19713816,1.6874999999345022,0,7.209902391140891,68249252328,warm_disk_state
1699846036.291,2023-11-13 03:27:16.291,0,75.73,19713852,1.6874999999345022,0,7.209902391140891,68249501362,warm_disk_state
1699846036.817,2023-11-13 03:27:16.817,0,55.56,19713888,0.18749999999270983,0,7.2928230415284805,68249796169,warm_disk_state
1699846037.339,2023-11-13 03:27:17.339,0,75.02,19713924,0.18749999999270983,0,7.2928230415284805,68250066019,warm_disk_state
1699846037.861,2023-11-13 03:27:17.861,0,55.46,19713960,2.312500000152781,0,7.220997493604162,68250342721,warm_disk_state
1699846038.39,2023-11-13 03:27:18.390,0,79.34,19714032,2.312500000152781,0,7.220997493604162,68250578162,warm_disk_state
1699846038.912,2023-11-13 03:27:18.912,0,64.05,19714068,0.6249999998544808,0,7.206817708807694,68250939944,warm_disk_state
1699846039.435,2023-11-13 03:27:19.435,0,73.99,19714104,0.6249999998544808,0,7.206817708807694,68251314038,warm_disk_state
1699846039.959,2023-11-13 03:27:19.959,0,102.16,19714140,1.8750000001091394,0,7.208158875039519,68251646940,warm_disk_state
1699846040.482,2023-11-13 03:27:20.482,0,92.49,19714176,1.8750000001091394,0,7.208158875039519,68251925813,warm_disk_state
1699846041.008,2023-11-13 03:27:21.008,0,103.51,19714212,0.5624999999781721,0,7.212462799401645,68252191413,warm_disk_state
1699846041.533,2023-11-13 03:27:21.533,0,100.61,19714284,0.5624999999781721,0,7.212462799401645,68252495670,warm_disk_state
1699846042.055,2023-11-13 03:27:22.055,0,103.65,19714320,0.9999999998399289,0,7.194271708329995,68252748316,warm_disk_state
1699846042.582,2023-11-13 03:27:22.582,0,89.24,19714392,0.9999999998399289,0,7.194271708329995,68252999638,warm_disk_state
1699846043.105,2023-11-13 03:27:23.105,0,85.89,19714428,1.5624999999999858,0,7.197210081619719,68253253821,warm_disk_state
1699846043.628,2023-11-13 03:27:23.628,0,68.19,19714464,1.5624999999999858,0,7.197210081619719,68253566711,warm_disk_state
1699846044.158,2023-11-13 03:27:24.158,0,55.49,19714500,1.6250000004220055,0,7.210853399923456,68253833344,warm_disk_state
1699846044.682,2023-11-13 03:27:24.682,0,91.94,19714536,1.6250000004220055,0,7.210853399923456,68254098117,warm_disk_state
1699846045.211,2023-11-13 03:27:25.211,0,77.12,19714572,0.749999999970882,0,7.207732140329393,68254347601,warm_disk_state
1699846045.738,2023-11-13 03:27:25.738,0,55.19,19714608,0.749999999970882,0,7.207732140329393,68254641611,warm_disk_state
1699846046.261,2023-11-13 03:27:26.261,0,57.64,19714644,1.4999999999417923,0,7.22364324880694,68254915065,warm_disk_state
1699846046.785,2023-11-13 03:27:26.785,0,81.12,19714680,1.187499999832653,0,7.192833002735857,68255203649,warm_disk_state
1699846047.308,2023-11-13 03:27:27.308,0,94.41,19714752,1.187499999832653,0,7.192833002735857,68255459523,warm_disk_state
1699846047.844,2023-11-13 03:27:27.844,0,56.39,19714788,1.937500000349246,0,7.216876455546374,68255739398,warm_disk_state
1699846048.407,2023-11-13 03:27:28.407,0,55.68,19714788,1.937500000349246,0,7.216876455546374,68256002206,warm_disk_to_warm_cpu_process
1699846048.666,2023-11-13 03:27:28.666,0,66.52,19714824,1.937500000349246,0,7.216876455546374,68256144872,warm_disk_to_warm_cpu_process
1699846048.913,2023-11-13 03:27:28.913,0,55.3,19714824,0.18749999962892616,0,7.216413143575381,68256312171,warm_disk_to_warm_cpu_process
1699846049.151,2023-11-13 03:27:29.151,0,87.48,19714860,0.18749999962892616,0,7.216413143575381,68256405577,warm_disk_to_warm_cpu_process
1699846049.713,2023-11-13 03:27:29.713,0,75.46,19714932,0.18749999962892616,0,7.216413143575381,68256597279,warm_disk_to_warm_cpu_process
1699846049.984,2023-11-13 03:27:29.984,0,79.3,19714932,2.5000000005093312,0,7.232385214154376,68256927028,warm_disk_to_warm_cpu_process
1699846050.219,2023-11-13 03:27:30.219,0,65.74,19714932,2.5000000005093312,0,7.232385214154376,68257237944,warm_disk_to_warm_cpu_process
1699846050.458,2023-11-13 03:27:30.458,0,59.16,19714968,2.5000000005093312,0,7.232385214154376,68257904137,warm_disk_to_warm_cpu_process
1699846050.76,2023-11-13 03:27:30.760,1,58.29,19714968,0.8124999996653202,0,7.244053360371244,68260316682,warm_disk_to_warm_cpu_process
1699846051.139,2023-11-13 03:27:31.139,1,90.57,19715004,0.8124999996653202,0,7.244053360371244,68262032349,warm_disk_to_warm_cpu_process
1699846051.498,2023-11-13 03:27:31.498,1,127.7,19715040,0.8124999996653202,0,7.244053360371244,68263335697,warm_disk_to_warm_cpu_process
1699846051.818,2023-11-13 03:27:31.818,1,103.41,19715076,23.937500000101863,0,7.640721562063625,68264340384,warm_disk_to_warm_cpu_process
1699846052.123,2023-11-13 03:27:32.123,1,90.22,19715112,23.937500000101863,0,7.640721562063625,68265091205,warm_disk_to_warm_cpu_process
1699846072.526,2023-11-13 03:27:52.526,1,95.81,19716588,1.3124999999490825,0,7.7670472286811565,68307849227,warm_cpu_state
1699846073.07,2023-11-13 03:27:53.070,1,81.4,19716624,1.2499999997089617,0,7.728177792798839,68308885587,warm_cpu_state
1699846073.616,2023-11-13 03:27:53.616,1,73.49,19716696,1.2499999997089617,0,7.728177792798839,68310019187,warm_cpu_state
1699846074.163,2023-11-13 03:27:54.163,1,53.34,19716732,2.8125000000727454,0,7.697672357234989,68311207561,warm_cpu_state
1699846074.73,2023-11-13 03:27:54.730,1,81.15,19716768,2.8125000000727454,0,7.697672357234989,68312400999,warm_cpu_state
1699846075.284,2023-11-13 03:27:55.284,1,74.81,19716804,1.250000000072788,0,7.715948795248663,68313478723,warm_cpu_state
1699846075.828,2023-11-13 03:27:55.828,1,58.5,19716840,1.6249999995125108,0,7.730701623798726,68314685054,warm_cpu_state
1699846076.372,2023-11-13 03:27:56.372,1,58.05,19716876,1.6249999995125108,0,7.730701623798726,68315784140,warm_cpu_state
1699846076.914,2023-11-13 03:27:56.914,1,81.96,19716948,0.750000000334694,0,7.7345544286101475,68316904269,warm_cpu_state
1699846077.459,2023-11-13 03:27:57.459,1,88.35,19716984,0.750000000334694,0,7.7345544286101475,68318007510,warm_cpu_state
1699846078.005,2023-11-13 03:27:58.005,1,62.51,19717020,1.937500000531145,0,7.725995349567054,68319193084,warm_cpu_state
1699846078.547,2023-11-13 03:27:58.547,1,92.54,19717056,1.937500000531145,0,7.725995349567054,68320304435,warm_cpu_state
1699846079.117,2023-11-13 03:27:59.117,1,73.64,19717092,0.1874999998108393,0,7.698074707104535,68321367441,warm_cpu_state
1699846079.661,2023-11-13 03:27:59.661,1,70.48,19717128,0.1874999998108393,0,7.698074707104535,68322549366,warm_cpu_state
1699846080.207,2023-11-13 03:28:00.207,1,55.23,19717164,1.8749999995634283,0,7.716277990596473,68324380993,warm_cpu_state
1699846080.759,2023-11-13 03:28:00.759,1,84.5,19717200,0.7499999999708962,0,7.722288853799103,68325524124,warm_cpu_state
1699846081.309,2023-11-13 03:28:01.309,1,72.83,19717272,0.7499999999708962,0,7.722288853799103,68326540707,warm_cpu_state
1699846081.852,2023-11-13 03:28:01.852,1,64.59,19717272,2.4375000006330083,0,7.718094661219581,68327687334,warm_cpu_state
1699846082.401,2023-11-13 03:28:02.401,1,56.59,19717308,2.4375000006330083,0,7.718094661219581,68328800023,warm_cpu_state
1699846082.945,2023-11-13 03:28:02.945,1,81.84,19717380,0.12499999938881956,0,7.7253613437120086,68329947926,warm_cpu_state
1699846083.489,2023-11-13 03:28:03.489,1,69.88,19717416,0.12499999938881956,0,7.7253613437120086,68331039948,warm_cpu_state
1699846084.033,2023-11-13 03:28:04.033,1,65.71,19717452,2.124999999796273,0,7.7543549191599865,68332202264,warm_cpu_state
1699846084.577,2023-11-13 03:28:04.577,1,94.52,19717488,2.124999999796273,0,7.7543549191599865,68333290494,warm_cpu_state
1699846085.129,2023-11-13 03:28:05.129,1,74.89,19717524,0.6250000002182645,0,7.776435392303925,68334410388,warm_cpu_state
1699846085.677,2023-11-13 03:28:05.677,1,69.68,19717560,0.6250000002182645,0,7.776435392303925,68335515654,warm_cpu_state
1699846086.232,2023-11-13 03:28:06.232,1,54.97,19717596,1.6250000004220055,0,7.769254056753522,68336672785,warm_cpu_state
1699846086.776,2023-11-13 03:28:06.776,1,84.18,19717632,1.4999999995779945,0,7.7412480673489785,68337774534,warm_cpu_state
1699846087.322,2023-11-13 03:28:07.322,1,73.53,19717704,1.4999999995779945,0,7.7412480673489785,68338843859,warm_cpu_state
1699846087.863,2023-11-13 03:28:07.863,1,62.63,19717704,1.1875000001964509,0,7.755244965841106,68339958210,warm_cpu_state
1699846088.407,2023-11-13 03:28:08.407,1,53.8,19717740,1.1875000001964509,0,7.755244965841106,68341059621,warm_cpu_state
1699846088.963,2023-11-13 03:28:08.963,1,86.66,19717812,1.6250000000582077,0,7.773911561304038,68342214658,warm_cpu_state
1699846089.569,2023-11-13 03:28:09.569,1,70.86,19717848,1.6250000000582077,0,7.773911561304038,68343347807,warm_cpu_state
1699846090.117,2023-11-13 03:28:10.117,1,55.96,19717884,1.624999999876323,0,7.754879193232426,68344307848,warm_cpu_state
1699846090.683,2023-11-13 03:28:10.683,1,87.34,19717920,1.624999999876323,0,7.754879193232426,68345515812,warm_cpu_state
1699846091.228,2023-11-13 03:28:11.228,1,77.23,19717956,0.9375000001455334,0,7.75800045282649,68346627676,warm_cpu_state
1699846091.771,2023-11-13 03:28:11.771,1,56.34,19717992,1.6874999999345022,0,7.731286859972614,68347801044,warm_cpu_state
1699846092.316,2023-11-13 03:28:12.316,1,59.34,19718028,1.6874999999345022,0,7.731286859972614,68348900574,warm_cpu_state
1699846092.86,2023-11-13 03:28:12.860,1,85.06,19718064,0.8124999998471907,0,7.832618064997061,68350020135,warm_cpu_state
1699846093.405,2023-11-13 03:28:13.405,1,93.5,19718136,0.8124999998471907,0,7.832618064997061,68351230476,warm_cpu_state
1699846093.952,2023-11-13 03:28:13.952,1,66.46,19718172,1.2500000000727596,0,7.735724900957922,68352324335,warm_cpu_state
1699846094.497,2023-11-13 03:28:14.497,1,84.2,19718208,1.2500000000727596,0,7.735724900957922,68353463489,warm_cpu_state
1699846095.046,2023-11-13 03:28:15.046,1,86.98,19718244,0.8124999998472049,0,7.740540906972199,68354514034,warm_cpu_state
1699846095.598,2023-11-13 03:28:15.598,1,69.14,19718280,0.8124999998472049,0,7.740540906972199,68355617538,warm_cpu_state
1699846096.141,2023-11-13 03:28:16.141,1,59.41,19718316,2.124999999978158,0,7.74193084288518,68356736677,warm_cpu_state
1699846096.683,2023-11-13 03:28:16.683,1,77.15,19718388,2.124999999978158,0,7.74193084288518,68357873359,warm_cpu_state
1699846097.227,2023-11-13 03:28:17.227,1,61.53,19718388,0.9375000001455049,0,7.738833968131696,68358955149,warm_cpu_state
1699846097.771,2023-11-13 03:28:17.771,1,56.11,19718424,1.6250000000582077,0,7.723495903407746,68360020901,warm_cpu_state
1699846098.319,2023-11-13 03:28:18.319,1,84.41,19718496,1.6250000000582077,0,7.723495903407746,68361134482,warm_cpu_state
1699846098.862,2023-11-13 03:28:18.862,1,79.29,19718532,0.9999999996580158,0,7.75374529814552,68362280669,warm_cpu_state
1699846099.405,2023-11-13 03:28:19.405,1,73.5,19718568,0.9999999996580158,0,7.75374529814552,68363454788,warm_cpu_state
1699846099.958,2023-11-13 03:28:19.958,1,83.6,19718604,1.9375000003492744,0,7.752611403058615,68364605791,warm_cpu_state
1699846100.506,2023-11-13 03:28:20.506,1,88.44,19718676,1.9375000003492744,0,7.752611403058615,68365769604,warm_cpu_state
1699846101.051,2023-11-13 03:28:21.051,1,71.89,19718676,0.7499999999708962,0,7.764084470550854,68366877195,warm_cpu_state
1699846101.606,2023-11-13 03:28:21.606,1,72.21,19718748,0.7499999999708962,0,7.764084470550854,68368008042,warm_cpu_state
1699846102.15,2023-11-13 03:28:22.150,1,90.6,19718784,1.749999999810825,0,7.782958337158704,68369130928,warm_cpu_state
1699846102.693,2023-11-13 03:28:22.693,1,79.43,19718820,1.749999999810825,0,7.782958337158704,68370309562,warm_cpu_state
1699846103.244,2023-11-13 03:28:23.244,1,68.67,19718856,0.5000000001018634,0,7.768498126695585,68371337369,warm_cpu_state
1699846103.788,2023-11-13 03:28:23.788,1,55.55,19718892,2.0624999999199645,0,7.771143881898365,68372464399,warm_cpu_state
1699846104.332,2023-11-13 03:28:24.332,1,84.96,19718964,2.0624999999199645,0,7.771143881898365,68373550100,warm_cpu_state
1699846104.877,2023-11-13 03:28:24.877,1,80.65,19719000,0.6250000002182645,0,7.759524505362653,68374713287,warm_cpu_state
1699846105.421,2023-11-13 03:28:25.421,1,72.4,19719036,0.6250000002182645,0,7.759524505362653,68375807656,warm_cpu_state
1699846105.97,2023-11-13 03:28:25.970,1,73.02,19719072,1.937499999985448,0,7.786628255665787,68376840194,warm_cpu_state
1699846106.529,2023-11-13 03:28:26.529,1,88.7,19719108,1.937499999985448,0,7.786628255665787,68378029166,warm_cpu_state
1699846107.074,2023-11-13 03:28:27.074,1,73.14,19719144,0.12500000011641532,0,7.778117946303849,68379128978,warm_cpu_state
1699846107.617,2023-11-13 03:28:27.617,1,70.34,19719180,0.12500000011641532,0,7.778117946303849,68380283480,warm_cpu_state
1699846108.161,2023-11-13 03:28:28.161,1,84.85,19719216,2.500000000145519,0,7.774813800405448,68381403510,warm_cpu_state
1699846108.707,2023-11-13 03:28:28.707,1,79.81,19719288,2.500000000145519,0,7.774813800405448,68382536128,warm_cpu_state
1699846109.255,2023-11-13 03:28:29.255,1,60.96,19719324,0.5624999999781721,0,7.743942592232917,68383610043,warm_cpu_state
1699846109.799,2023-11-13 03:28:29.799,1,55.06,19719360,2.18750000003638,0,7.760182896058277,68384775934,warm_cpu_state
1699846110.35,2023-11-13 03:28:30.350,1,84.83,19719396,2.18750000003638,0,7.760182896058277,68385896768,warm_cpu_state
1699846110.914,2023-11-13 03:28:30.914,1,72.87,19719432,0.5624999999781579,0,7.7638284297247795,68387157756,warm_cpu_state
1699846111.461,2023-11-13 03:28:31.461,1,75.22,19719468,0.5624999999781579,0,7.7638284297247795,68388189716,warm_cpu_state
1699846112.004,2023-11-13 03:28:32.004,1,68.96,19719504,1.2499999997089617,0,7.762414108971219,68389292100,warm_cpu_state
1699846112.552,2023-11-13 03:28:32.552,1,89.13,19719576,1.2499999997089617,0,7.762414108971219,68390420599,warm_cpu_state
1699846113.1,2023-11-13 03:28:33.100,1,56.11,19719612,1.187500000014552,0,7.773375094811308,68391472830,warm_cpu_state
1699846113.645,2023-11-13 03:28:33.645,1,70.11,19719648,1.187500000014552,0,7.773375094811308,68392633758,warm_cpu_state
1699846114.192,2023-11-13 03:28:34.192,1,82.38,19719684,1.8750000002910525,0,7.763999123608829,68393642929,warm_cpu_state
1699846114.74,2023-11-13 03:28:34.740,1,78.63,19719720,1.8750000002910525,0,7.763999123608829,68394795545,warm_cpu_state
1699846115.287,2023-11-13 03:28:35.287,1,77.78,19719792,0.9374999999636486,0,7.754111070754199,68395911164,warm_cpu_state
1699846115.839,2023-11-13 03:28:35.839,1,58.33,19719792,1.6249999996943956,0,7.754111070754199,68397068975,warm_cpu_state
1699846116.385,2023-11-13 03:28:36.385,1,88.11,19719864,1.6249999996943956,0,7.754111070754199,68398101999,warm_cpu_state
1699846116.934,2023-11-13 03:28:36.934,1,76.46,19719900,0.5000000001018492,0,7.731957443088526,68399248670,warm_cpu_state
1699846117.477,2023-11-13 03:28:37.477,1,71.08,19719936,0.5000000001018492,0,7.731957443088526,68400353767,warm_cpu_state
1699846118.02,2023-11-13 03:28:38.020,1,64.54,19719972,2.18750000003638,0,7.749234102638476,68401444970,warm_cpu_state
1699846118.564,2023-11-13 03:28:38.564,1,90.23,19720008,2.18750000003638,0,7.749234102638476,68402583832,warm_cpu_state
1699846119.113,2023-11-13 03:28:39.113,1,57.27,19720044,0.4999999997380513,0,7.761377753246629,68403704879,warm_cpu_state
1699846119.66,2023-11-13 03:28:39.660,1,71.88,19720080,0.4999999997380513,0,7.761377753246629,68404802532,warm_cpu_state
1699846120.212,2023-11-13 03:28:40.212,1,76.27,19720116,1.749999999992724,0,7.763962546347962,68405880696,warm_cpu_state
1699846120.757,2023-11-13 03:28:40.757,1,77.15,19720188,1.3124999999490683,0,7.79487033178136,68406910947,warm_cpu_state
1699846121.305,2023-11-13 03:28:41.305,1,72.56,19720224,1.3124999999490683,0,7.79487033178136,68407991752,warm_cpu_state
1699846121.86,2023-11-13 03:28:41.860,1,59.58,19720260,1.5000000003055902,0,7.778959223303812,68409176163,warm_cpu_state
1699846122.411,2023-11-13 03:28:42.411,1,85.8,19720296,1.5000000003055902,0,7.778959223303812,68410252240,warm_cpu_state
1699846122.967,2023-11-13 03:28:42.967,1,64.02,19720332,0.8125000002110028,0,7.765547560985572,68411351440,warm_cpu_state
1699846123.521,2023-11-13 03:28:43.521,1,71.72,19720368,0.8125000002110028,0,7.765547560985572,68412526820,warm_cpu_state
1699846124.066,2023-11-13 03:28:44.066,1,65.62,19720404,1.1249999995925464,0,7.7672666922463645,68413697659,warm_cpu_state
1699846124.615,2023-11-13 03:28:44.615,1,91.96,19720440,1.1249999995925464,0,7.7672666922463645,68414796771,warm_cpu_state
1699846125.16,2023-11-13 03:28:45.160,1,56.15,19720512,0.6875000004583853,0,7.780361351637083,68415928146,warm_cpu_state
1699846125.705,2023-11-13 03:28:45.705,1,58.33,19720548,0.6875000004583853,0,7.780361351637083,68417041475,warm_cpu_state
1699846126.249,2023-11-13 03:28:46.249,1,84.05,19720584,2.562499999658044,0,7.7813733225210955,68418156707,warm_cpu_state
1699846126.793,2023-11-13 03:28:46.793,1,78.65,19720620,1.000000000021842,0,7.797674588447902,68419315166,warm_cpu_state
1699846127.341,2023-11-13 03:28:47.341,1,72.37,19720656,1.000000000021842,0,7.797674588447902,68420388889,warm_cpu_state
1699846127.887,2023-11-13 03:28:47.887,1,60.49,19720692,1.6250000000581935,0,7.768278663130378,68421499162,warm_cpu_state
1699846128.431,2023-11-13 03:28:48.431,1,87.06,19720728,1.6250000000581935,0,7.768278663130378,68422519882,warm_cpu_state
1699846128.99,2023-11-13 03:28:48.990,1,84.8,19720764,0.8124999996653202,0,7.757512756014917,68423702129,warm_cpu_state
1699846129.532,2023-11-13 03:28:49.532,1,73.22,19720836,0.8124999996653202,0,7.757512756014917,68424814123,warm_cpu_state
1699846130.085,2023-11-13 03:28:50.085,1,82.47,19720872,1.4375000000654836,0,7.75852472689893,68425939363,warm_cpu_state
1699846130.63,2023-11-13 03:28:50.630,1,91.07,19720908,1.4375000000654836,0,7.75852472689893,68427192716,warm_cpu_state
1699846131.19,2023-11-13 03:28:51.190,1,60.33,19720944,1.375000000371088,0,7.739455781566451,68428220789,warm_cpu_state
1699846131.737,2023-11-13 03:28:51.737,1,63.04,19720980,1.375000000371088,0,7.739455781566451,68429355620,warm_cpu_state
1699846132.288,2023-11-13 03:28:52.288,1,89.2,19721016,1.4999999995779802,0,7.7449667555372175,68430471720,warm_cpu_state
1699846132.834,2023-11-13 03:28:52.834,1,83.43,19721052,1.1250000001382574,0,7.731920865827657,68431612625,warm_cpu_state
1699846133.378,2023-11-13 03:28:53.378,1,87.19,19721124,1.1250000001382574,0,7.731920865827657,68432685290,warm_cpu_state
1699846133.922,2023-11-13 03:28:53.922,1,63.38,19721160,3.2500000001164153,0,7.698976946205945,68433807993,warm_cpu_state
1699846134.467,2023-11-13 03:28:54.467,1,89.0,19721196,3.2500000001164153,0,7.698976946205945,68434926750,warm_cpu_state
1699846135.013,2023-11-13 03:28:55.013,1,85.17,19721232,0.06250000005823608,0,7.688089114887592,68436061905,warm_cpu_state
1699846135.558,2023-11-13 03:28:55.558,1,74.78,19721304,0.06250000005823608,0,7.688089114887592,68437174327,warm_cpu_state
1699846136.115,2023-11-13 03:28:56.115,1,88.12,19721340,3.3750000000509317,0,7.672568163859301,68438301103,warm_cpu_state
1699846136.66,2023-11-13 03:28:56.660,1,91.54,19721376,3.3750000000509317,0,7.672568163859301,68439373251,warm_cpu_state
1699846137.207,2023-11-13 03:28:57.207,1,80.56,19721412,0.8124999998472049,0,7.6983429403509,68439959508,warm_cpu_state
1699846137.935,2023-11-13 03:28:57.935,1,59.67,19721484,1.6250000002401066,0,7.686345598786221,68440296657,warm_cpu_state
1699846170.912,2023-11-13 03:29:30.912,1,87.4,19724040,0.750000000334694,0,7.827082706185714,68502269655,active_state
1699846171.479,2023-11-13 03:29:31.479,1,89.86,19724112,0.750000000334694,0,7.827082706185714,68503340354,active_state
1699846172.026,2023-11-13 03:29:32.026,1,60.63,19724112,1.6249999998763087,0,7.830520968707299,68504443632,active_state
1699846172.576,2023-11-13 03:29:32.576,1,68.25,19724184,1.6249999998763087,0,7.830520968707299,68505517969,active_state
1699846173.131,2023-11-13 03:29:33.131,1,78.71,19724220,1.0625000002619487,0,7.846297960561666,68506609296,active_state
1699846173.675,2023-11-13 03:29:33.675,1,77.88,19724256,1.0625000002619487,0,7.846297960561666,68507728811,active_state
1699846174.221,2023-11-13 03:29:34.221,1,61.69,19724292,1.812499999323336,0,7.811610524838581,68508774164,active_state
1699846174.764,2023-11-13 03:29:34.764,1,56.66,19724328,0.5625000001600711,0,7.829679691707338,68509923392,active_state
1699846175.309,2023-11-13 03:29:35.309,1,93.69,19724364,0.5625000001600711,0,7.829679691707338,68510998472,active_state
1699846175.854,2023-11-13 03:29:35.854,1,78.83,19724400,1.7500000003565077,0,7.833020414866608,68512149681,active_state
1699846176.398,2023-11-13 03:29:36.398,1,62.84,19724436,1.7500000003565077,0,7.833020414866608,68513176347,active_state
1699846176.943,2023-11-13 03:29:36.943,1,82.63,19724508,1.0625000000800355,0,7.810635131215436,68514353853,active_state
1699846177.487,2023-11-13 03:29:37.487,1,91.14,19724544,1.0625000000800355,0,7.810635131215436,68515447898,active_state
1699846178.029,2023-11-13 03:29:38.029,1,61.86,19724580,1.0000000002036984,0,7.817938390968733,68516547664,active_state
1699846178.572,2023-11-13 03:29:38.572,1,68.12,19724616,1.0000000002036984,0,7.817938390968733,68517655056,active_state
1699846179.116,2023-11-13 03:29:39.116,1,82.83,19724652,1.3749999990977813,0,7.812793189606644,68518738944,active_state
1699846179.661,2023-11-13 03:29:39.661,1,92.83,19724688,1.3749999990977813,0,7.812793189606644,68519849332,active_state
1699846180.229,2023-11-13 03:29:40.229,1,55.65,19724724,1.8125000004147438,0,7.824241872258305,68520901086,active_state
1699846180.772,2023-11-13 03:29:40.772,1,56.74,19724760,0.9375000001455334,0,7.802953906433172,68521874736,active_state
1699846181.315,2023-11-13 03:29:41.315,1,91.44,19724796,0.9375000001455334,0,7.802953906433172,68522967223,active_state
1699846181.86,2023-11-13 03:29:41.860,1,63.52,19724832,1.9374999999854339,0,7.808708728809726,68524119897,active_state
1699846182.403,2023-11-13 03:29:42.403,1,56.59,19724868,1.9374999999854339,0,7.808708728809726,68525237755,active_state
1699846182.948,2023-11-13 03:29:42.948,1,81.65,19724904,0.8125000000291038,0,7.80970850727345,68526267950,active_state
1699846183.49,2023-11-13 03:29:43.490,1,93.23,19724976,0.8125000000291038,0,7.80970850727345,68527414863,active_state
1699846184.033,2023-11-13 03:29:44.033,1,67.55,19725012,1.8749999999272546,0,7.812305492795073,68528313631,active_state
1699846184.576,2023-11-13 03:29:44.576,1,67.91,19725048,1.8749999999272546,0,7.812305492795073,68529454559,active_state
1699846185.176,2023-11-13 03:29:45.176,1,80.9,19725084,0.8125000000291038,0,7.814122163418179,68530558941,active_state
1699846185.72,2023-11-13 03:29:45.720,1,79.23,19725120,0.8125000000291038,0,7.814122163418179,68531652004,active_state
1699846186.268,2023-11-13 03:29:46.268,1,56.51,19725156,1.8750000002910525,0,7.7991376788826186,68532785326,active_state
1699846186.814,2023-11-13 03:29:46.814,1,57.94,19725192,0.8124999994833928,0,7.81586567951955,68533940291,active_state
1699846187.357,2023-11-13 03:29:47.357,1,92.69,19725264,0.8124999994833928,0,7.81586567951955,68534986732,active_state
1699846187.903,2023-11-13 03:29:47.903,1,69.2,19725300,1.124999999774417,0,7.828789645026219,68536110830,active_state
1699846188.449,2023-11-13 03:29:48.449,1,55.71,19725336,1.124999999774417,0,7.828789645026219,68537156521,active_state
1699846188.994,2023-11-13 03:29:48.994,1,76.26,19725372,1.1875000003783498,0,7.834203079634672,68538152876,active_state
1699846189.563,2023-11-13 03:29:49.563,1,91.92,19725408,1.1875000003783498,0,7.834203079634672,68539407177,active_state
1699846190.112,2023-11-13 03:29:50.112,1,54.94,19725444,1.9375000001673612,0,7.849346065633993,68540515392,active_state
1699846190.657,2023-11-13 03:29:50.657,1,66.08,19725480,1.9375000001673612,0,7.849346065633993,68541655657,active_state
1699846191.202,2023-11-13 03:29:51.202,1,78.89,19725516,0.9374999995998223,0,7.85258924943095,68542699172,active_state
1699846191.749,2023-11-13 03:29:51.749,1,74.33,19725588,0.9374999995998223,0,7.85258924943095,68543824488,active_state
1699846192.294,2023-11-13 03:29:52.294,1,59.24,19725624,1.5625000001818847,0,7.843737552300912,68544985236,active_state
1699846192.839,2023-11-13 03:29:52.839,1,62.3,19725624,0.8749999999054126,0,7.8541133019671125,68546117797,active_state
1699846193.382,2023-11-13 03:29:53.382,1,98.64,19725696,0.8749999999054126,0,7.8541133019671125,68547232805,active_state
1699846193.926,2023-11-13 03:29:53.926,1,72.59,19725732,3.4375000001091394,0,7.830069849156596,68548314677,active_state
1699846194.472,2023-11-13 03:29:54.472,1,67.03,19725768,3.4375000001091394,0,7.830069849156596,68549410552,active_state
1699846195.017,2023-11-13 03:29:55.017,1,71.99,19725804,0.6874999999126885,0,7.83845823431564,68550542793,active_state
1699846195.562,2023-11-13 03:29:55.562,1,90.1,19725840,0.6874999999126885,0,7.83845823431564,68551640242,active_state
1699846196.112,2023-11-13 03:29:56.112,1,56.03,19725912,1.2500000000727596,0,7.836629371272244,68552792306,active_state
1699846196.657,2023-11-13 03:29:56.657,1,61.12,19725948,1.2500000000727596,0,7.836629371272244,68553842547,active_state
1699846197.207,2023-11-13 03:29:57.207,1,79.64,19725948,1.3124999999490825,0,7.864452474372446,68554970650,active_state
1699846197.75,2023-11-13 03:29:57.750,1,77.4,19726020,1.3124999999490825,0,7.864452474372446,68556119498,active_state
1699846198.296,2023-11-13 03:29:58.296,1,56.73,19726056,1.6875000001164295,0,7.850211727474534,68557216978,active_state
1699846198.84,2023-11-13 03:29:58.840,1,61.36,19726092,0.3750000001673186,0,7.875840194922662,68558378457,active_state
1699846199.388,2023-11-13 03:29:59.388,1,92.62,19726128,0.3750000001673186,0,7.875840194922662,68559346337,active_state
1699846199.932,2023-11-13 03:29:59.932,1,77.6,19726164,2.249999999730804,0,7.886130597646838,68560485561,active_state
1699846200.483,2023-11-13 03:30:00.483,1,66.67,19726200,2.249999999730804,0,7.886130597646838,68561645820,active_state
1699846201.028,2023-11-13 03:30:01.028,1,73.84,19726236,0.9375000001455192,0,7.884411466386046,68562719530,active_state
1699846201.583,2023-11-13 03:30:01.583,1,89.82,19726308,0.9375000001455192,0,7.884411466386046,68563934633,active_state
1699846202.129,2023-11-13 03:30:02.129,1,54.9,19726344,1.6250000000581935,0,7.876718049183491,68565008646,active_state
1699846202.674,2023-11-13 03:30:02.674,1,57.43,19726380,1.6250000000581935,0,7.876718049183491,68566091100,active_state
1699846203.227,2023-11-13 03:30:03.227,1,80.13,19726416,1.1249999999563443,0,7.851174928677389,68567065038,active_state
1699846203.791,2023-11-13 03:30:03.791,1,77.72,19726452,1.249999999708976,0,7.859794969821932,68568190308,active_state
1699846204.335,2023-11-13 03:30:04.335,1,58.79,19726488,1.249999999708976,0,7.859794969821932,68569261545,active_state
1699846204.886,2023-11-13 03:30:04.886,1,69.23,19726524,1.4375000002473826,0,7.857917337097377,68570418754,active_state
1699846205.436,2023-11-13 03:30:05.436,1,92.42,19726560,1.4375000002473826,0,7.857917337097377,68571480600,active_state
1699846205.98,2023-11-13 03:30:05.980,1,79.38,19726632,1.8124999996871338,0,7.912307724007984,68572611438,active_state
1699846206.523,2023-11-13 03:30:06.523,1,68.07,19726668,1.8124999996871338,0,7.912307724007984,68573715265,active_state
1699846207.066,2023-11-13 03:30:07.066,1,78.6,19726704,0.56250000034197,0,7.868573512430234,68574820698,active_state
1699846207.612,2023-11-13 03:30:07.612,1,69.86,19726740,0.56250000034197,0,7.868573512430234,68575853603,active_state
1699846208.155,2023-11-13 03:30:08.155,1,55.16,19726776,1.6874999995707185,0,7.840201750417012,68576997611,active_state
1699846208.697,2023-11-13 03:30:08.697,1,83.46,19726812,1.6874999995707185,0,7.840201750417012,68578110447,active_state
1699846209.243,2023-11-13 03:30:09.243,1,82.29,19726848,0.4375000002255547,0,7.840348059460483,68579193058,active_state
1699846209.796,2023-11-13 03:30:09.796,1,59.84,19726884,1.8749999999272546,0,7.86740304008246,68580311533,active_state
1699846210.343,2023-11-13 03:30:10.343,1,63.02,19726920,1.8749999999272546,0,7.86740304008246,68581346630,active_state
1699846210.886,2023-11-13 03:30:10.886,1,92.14,19726992,0.750000000516593,0,7.8736577516908755,68582510706,active_state
1699846211.428,2023-11-13 03:30:11.428,1,90.65,19727028,0.750000000516593,0,7.8736577516908755,68583842070,active_state
1699846211.971,2023-11-13 03:30:11.971,1,62.14,19727064,2.1249999996143742,0,7.895067641718902,68584963828,active_state
1699846212.515,2023-11-13 03:30:12.515,1,67.45,19727100,2.1249999996143742,0,7.895067641718902,68586076333,active_state
1699846213.066,2023-11-13 03:30:13.066,1,87.93,19727136,0.6250000002182787,0,7.858856153459653,68587226857,active_state
1699846213.608,2023-11-13 03:30:13.608,1,90.04,19727172,0.6250000002182787,0,7.858856153459653,68588334001,active_state
1699846214.153,2023-11-13 03:30:14.153,1,67.18,19727244,1.8749999997453415,0,7.865988719328899,68589426006,active_state
1699846214.714,2023-11-13 03:30:14.714,1,59.97,19727280,1.8749999997453415,0,7.865988719328899,68590599062,active_state
1699846215.258,2023-11-13 03:30:15.258,1,92.51,19727316,0.7976071785661532,0,7.8513334301411515,68591713216,active_state
1699846215.81,2023-11-13 03:30:15.810,1,78.2,19727352,1.8304914749487295,0,7.845151873054471,68592801295,active_state
1699846216.364,2023-11-13 03:30:16.364,1,60.54,19727388,1.8304914749487295,0,7.845151873054471,68593897917,active_state
1699846216.908,2023-11-13 03:30:16.908,1,59.65,19727424,0.8749999999054126,0,7.842432963329955,68595020812,active_state
1699846217.452,2023-11-13 03:30:17.452,1,92.31,19727460,0.8749999999054126,0,7.842432963329955,68596158669,active_state
1699846217.997,2023-11-13 03:30:17.997,1,59.02,19727496,1.6874999995707327,0,7.8759133494443985,68597215326,active_state
1699846218.539,2023-11-13 03:30:18.539,1,65.47,19727532,1.6874999995707327,0,7.8759133494443985,68598314997,active_state
1699846219.081,2023-11-13 03:30:19.081,1,85.72,19727604,0.7499999996070841,0,7.8789126848355675,68599470737,active_state
1699846219.627,2023-11-13 03:30:19.627,1,90.13,19727640,0.7499999996070841,0,7.8789126848355675,68600589572,active_state
1699846220.177,2023-11-13 03:30:20.177,1,61.48,19727676,1.750000000356522,0,7.878546912226889,68601731443,active_state
1699846220.721,2023-11-13 03:30:20.721,1,58.54,19727712,1.750000000356522,0,7.878546912226889,68602862808,active_state
1699846221.272,2023-11-13 03:30:21.272,1,94.33,19727748,0.1874999998108109,0,7.8715972326619825,68603904033,active_state
1699846221.823,2023-11-13 03:30:21.823,1,80.6,19727784,2.4375000004511094,0,7.875413460212536,68605053165,active_state
1699846222.371,2023-11-13 03:30:22.371,1,60.39,19727820,2.4375000004511094,0,7.875413460212536,68606114560,active_state
1699846222.914,2023-11-13 03:30:22.914,1,57.8,19727856,0.6249999998544666,0,7.857185791880019,68607282621,active_state
1699846223.459,2023-11-13 03:30:23.459,1,89.61,19727928,0.6249999998544666,0,7.857185791880019,68608379922,active_state
1699846224.005,2023-11-13 03:30:24.005,1,80.57,19727964,1.0624999997162377,0,7.8491387944890745,68609473490,active_state
1699846224.55,2023-11-13 03:30:24.550,1,66.42,19728000,1.0624999997162377,0,7.8491387944890745,68610521226,active_state
1699846225.092,2023-11-13 03:30:25.092,1,77.03,19728036,1.3125000003128662,0,7.863745313995667,68611661755,active_state
1699846225.636,2023-11-13 03:30:25.636,1,91.53,19728072,1.3125000003128662,0,7.863745313995667,68612774698,active_state
1699846226.182,2023-11-13 03:30:26.182,1,60.23,19728108,1.8124999996871338,0,7.860977634589994,68613837727,active_state
1699846226.725,2023-11-13 03:30:26.725,1,59.35,19728144,1.8124999996871338,0,7.860977634589994,68614977747,active_state
1699846227.331,2023-11-13 03:30:27.331,1,103.74,19728180,0.885728543008554,0,7.832544910475326,68616168989,active_state
1699846227.875,2023-11-13 03:30:27.875,1,81.48,19728252,1.3026052105447974,0,7.859197541227755,68617316585,active_state
1699846228.417,2023-11-13 03:30:28.417,1,69.98,19728288,1.3026052105447974,0,7.859197541227755,68618441466,active_state
1699846228.964,2023-11-13 03:30:28.964,1,60.98,19728324,1.12499999995633,0,7.872621395966284,68619561220,active_state
1699846229.508,2023-11-13 03:30:29.508,1,89.33,19728360,1.12499999995633,0,7.872621395966284,68620698430,active_state
1699846230.05,2023-11-13 03:30:30.050,1,84.41,19728396,1.8750000002910383,0,7.883143454675958,68621699224,active_state
1699846230.597,2023-11-13 03:30:30.597,1,87.17,19728432,1.8750000002910383,0,7.883143454675958,68622811548,active_state
1699846231.144,2023-11-13 03:30:31.144,1,58.06,19728468,0.6250000002182787,0,7.885642900835266,68623970098,active_state
1699846231.704,2023-11-13 03:30:31.704,1,90.24,19728540,0.6250000002182787,0,7.885642900835266,68625120349,active_state
1699846232.248,2023-11-13 03:30:32.248,1,78.82,19728576,1.9374999994397513,0,7.862196876618925,68626217795,active_state
1699846232.794,2023-11-13 03:30:32.794,1,66.52,19728612,0.7499999997889972,0,7.851930858735326,68627323356,active_state
1699846233.338,2023-11-13 03:30:33.338,1,69.83,19728648,0.7499999997889972,0,7.851930858735326,68628389273,active_state
1699846233.884,2023-11-13 03:30:33.884,1,87.3,19728720,1.4375000002473826,0,7.844347173315376,68629355823,active_state
1699846234.428,2023-11-13 03:30:34.428,1,86.43,19728756,1.4375000002473826,0,7.844347173315376,68630455789,active_state
1699846234.971,2023-11-13 03:30:34.971,1,65.95,19728792,1.2500000000727738,0,7.845359144199389,68631575743,active_state
1699846235.516,2023-11-13 03:30:35.516,1,85.45,19728828,1.2500000000727738,0,7.845359144199389,68632686644,active_state
1699846236.064,2023-11-13 03:30:36.064,1,76.72,19728864,1.6874999997526317,0,7.849809377604987,68633816479,active_state
1699846541.759,2023-11-13 03:35:41.759,1,65.54,19752228,2.500000000509317,0,7.843847284083514,69262721841,warm_cpu_to_warm_disk_process
1699846542.056,2023-11-13 03:35:42.056,1,79.97,19752264,2.500000000509317,0,7.843847284083514,69263063679,warm_cpu_to_warm_disk_process
1699846542.335,2023-11-13 03:35:42.335,1,77.85,19752264,2.500000000509317,0,7.843847284083514,69263426800,warm_cpu_to_warm_disk_process
1699846542.628,2023-11-13 03:35:42.628,1,84.65,19752264,2.500000000509317,0,7.843847284083514,69263867983,warm_cpu_to_warm_disk_process
1699846542.903,2023-11-13 03:35:42.903,1,67.31,19752300,0.8125000003929017,0,7.899932417414337,69264086885,warm_cpu_to_warm_disk_process
1699846543.182,2023-11-13 03:35:43.182,1,54.35,19752336,0.8125000003929017,0,7.899932417414337,69264248835,warm_cpu_to_warm_disk_process
1699846543.476,2023-11-13 03:35:43.476,1,76.39,19752336,0.8125000003929017,0,7.899932417414337,69264614303,warm_cpu_to_warm_disk_process
1699846543.759,2023-11-13 03:35:43.759,1,56.09,19752372,1.9374999992578665,0,7.23672571577737,69264864479,warm_cpu_to_warm_disk_process
1699846544.035,2023-11-13 03:35:44.035,1,90.91,19752372,1.9374999992578665,0,7.23672571577737,69265096283,warm_cpu_to_warm_disk_process
1699846544.311,2023-11-13 03:35:44.311,1,77.86,19752408,1.9374999992578665,0,7.23672571577737,69265283638,warm_cpu_to_warm_disk_process
1699846544.586,2023-11-13 03:35:44.586,1,86.0,19752444,1.9374999992578665,0,7.23672571577737,69265592164,warm_cpu_to_warm_disk_process
1699846544.859,2023-11-13 03:35:44.859,1,68.11,19752444,0.37499999980354914,0,7.252002818399875,69265736648,warm_cpu_to_warm_disk_process
1699846545.136,2023-11-13 03:35:45.136,1,60.21,19752480,0.37499999980354914,0,7.252002818399875,69265866138,warm_cpu_to_warm_disk_process
1699846545.47,2023-11-13 03:35:45.470,1,69.64,19752516,0.37499999980354914,0,7.252002818399875,69266041512,warm_cpu_to_warm_disk_process
1699846545.741,2023-11-13 03:35:45.741,1,55.97,19752516,0.37499999980354914,0,7.252002818399875,69266343359,warm_cpu_to_warm_disk_process
1699846546.017,2023-11-13 03:35:46.017,1,90.96,19752516,2.125000000705768,0,7.2400054768351945,69266498808,warm_cpu_to_warm_disk_process
1699846546.292,2023-11-13 03:35:46.292,1,79.09,19752552,2.125000000705768,0,7.2400054768351945,69266618136,warm_cpu_to_warm_disk_process
1699846546.569,2023-11-13 03:35:46.569,1,86.18,19752588,2.125000000705768,0,7.2400054768351945,69266762056,warm_cpu_to_warm_disk_process
1699846546.846,2023-11-13 03:35:46.846,1,79.4,19752588,0.6874999997307896,0,7.28632448151428,69267083506,warm_cpu_to_warm_disk_process
1699846547.121,2023-11-13 03:35:47.121,1,59.9,19752624,0.6874999997307896,0,7.28632448151428,69267196018,warm_cpu_to_warm_disk_process
1699846547.397,2023-11-13 03:35:47.397,1,69.0,19752624,0.6874999997307896,0,7.28632448151428,69267333774,warm_cpu_to_warm_disk_process
1699846547.673,2023-11-13 03:35:47.673,1,54.97,19752660,0.6874999997307896,0,7.28632448151428,69267520410,warm_cpu_to_warm_disk_process
1699846547.949,2023-11-13 03:35:47.949,1,91.25,19752696,1.125000000138229,0,7.259208538790856,69267809991,warm_cpu_to_warm_disk_process
1699846548.226,2023-11-13 03:35:48.226,1,84.61,19752696,1.125000000138229,0,7.259208538790856,69267923909,warm_cpu_to_warm_disk_process
1699846548.499,2023-11-13 03:35:48.499,1,87.78,19752732,1.125000000138229,0,7.259208538790856,69268061820,warm_cpu_to_warm_disk_process
1699846548.777,2023-11-13 03:35:48.777,1,80.05,19752732,1.374999999643478,0,7.285361280311424,69268219555,warm_cpu_to_warm_disk_process
1699846549.052,2023-11-13 03:35:49.052,1,65.41,19752768,1.374999999643478,0,7.285361280311424,69268520090,warm_cpu_to_warm_disk_process
1699846549.322,2023-11-13 03:35:49.322,1,70.37,19752804,1.374999999643478,0,7.285361280311424,69268636065,warm_cpu_to_warm_disk_process
1699846549.603,2023-11-13 03:35:49.603,1,69.63,19752804,1.374999999643478,0,7.285361280311424,69268879010,warm_cpu_to_warm_disk_process
1699846549.895,2023-11-13 03:35:49.895,1,90.04,19752840,1.8125000005966285,0,7.272656778369964,69269072533,warm_cpu_to_warm_disk_process
1699846550.171,2023-11-13 03:35:50.171,1,95.17,19752840,1.8125000005966285,0,7.272656778369964,69269345262,warm_cpu_to_warm_disk_process
1699846550.449,2023-11-13 03:35:50.449,1,86.8,19752876,1.8125000005966285,0,7.272656778369964,69269486998,warm_cpu_to_warm_disk_process
1699846550.722,2023-11-13 03:35:50.722,1,79.74,19752912,1.8125000005966285,0,7.272656778369964,69269613200,warm_cpu_to_warm_disk_process
1699846550.997,2023-11-13 03:35:50.997,1,81.31,19752912,0.6249999998544808,0,7.28172793906521,69269749115,warm_cpu_to_warm_disk_process
1699846551.273,2023-11-13 03:35:51.273,1,70.46,19752948,0.6249999998544808,0,7.28172793906521,69270022821,warm_cpu_to_warm_disk_process
1699846551.555,2023-11-13 03:35:51.555,1,69.81,19752948,0.6249999998544808,0,7.28172793906521,69270219003,warm_cpu_to_warm_disk_process
1699846551.832,2023-11-13 03:35:51.832,1,56.96,19752984,1.9999999998617568,0,7.272827472254013,69270371151,warm_cpu_to_warm_disk_process
1699846552.109,2023-11-13 03:35:52.109,1,95.17,19753020,1.9999999998617568,0,7.272827472254013,69270487198,warm_cpu_to_warm_disk_process
1699846552.386,2023-11-13 03:35:52.386,1,82.2,19753020,1.9999999998617568,0,7.272827472254013,69270772854,warm_cpu_to_warm_disk_process
1699846552.662,2023-11-13 03:35:52.662,1,79.82,19753056,1.9999999998617568,0,7.272827472254013,69270921526,warm_cpu_to_warm_disk_process
1699846552.939,2023-11-13 03:35:52.939,1,83.64,19753092,0.8749999999053983,0,7.260488742921233,69271055633,warm_cpu_to_warm_disk_process
1699846553.215,2023-11-13 03:35:53.215,1,67.98,19753092,0.8749999999053983,0,7.260488742921233,69271185035,warm_cpu_to_warm_disk_process
1699846553.486,2023-11-13 03:35:53.486,1,69.02,19753128,0.8749999999053983,0,7.260488742921233,69271504124,warm_cpu_to_warm_disk_process
1699846553.768,2023-11-13 03:35:53.768,1,57.32,19753128,1.8125000002328306,0,7.2709010698483025,69271761985,warm_cpu_to_warm_disk_process
1699846554.048,2023-11-13 03:35:54.048,1,113.09,19753164,1.8125000002328306,0,7.2709010698483025,69271918951,warm_cpu_to_warm_disk_process
1699846554.328,2023-11-13 03:35:54.328,1,94.97,19753200,1.8125000002328306,0,7.2709010698483025,69272113547,warm_cpu_to_warm_disk_process
1699846554.616,2023-11-13 03:35:54.616,1,88.91,19753200,1.8125000002328306,0,7.2709010698483025,69272427163,warm_cpu_to_warm_disk_process
1699846554.89,2023-11-13 03:35:54.890,1,80.8,19753236,1.8125000004147296,0,7.2250575695605015,69272558678,warm_cpu_to_warm_disk_process
1699846555.186,2023-11-13 03:35:55.186,1,85.65,19753272,1.8125000004147296,0,7.2250575695605015,69272691151,warm_cpu_to_warm_disk_process
1699846555.498,2023-11-13 03:35:55.498,1,70.09,19753272,1.8125000004147296,0,7.2250575695605015,69272994108,warm_cpu_to_warm_disk_process
1699846555.824,2023-11-13 03:35:55.824,1,59.68,19753308,2.43749999935973,0,7.241188141603256,69273197324,warm_cpu_to_warm_disk_process
1699846556.102,2023-11-13 03:35:56.102,1,60.69,19753308,2.43749999935973,0,7.241188141603256,69273324464,warm_cpu_to_warm_disk_process
1699846556.377,2023-11-13 03:35:56.377,1,51.78,19753344,2.43749999935973,0,7.241188141603256,69273446440,warm_cpu_to_warm_disk_process
1699846556.648,2023-11-13 03:35:56.648,1,80.91,19753380,2.43749999935973,0,7.241188141603256,69273758848,warm_cpu_to_warm_disk_process
1699846556.923,2023-11-13 03:35:56.923,1,81.23,19753380,0.5624999999781579,0,7.246625961052288,69273889635,warm_cpu_to_warm_disk_process
1699846557.295,2023-11-13 03:35:57.295,1,88.96,19753416,0.5624999999781579,0,7.246625961052288,69274043890,warm_cpu_to_warm_disk_process
1699846557.571,2023-11-13 03:35:57.571,1,75.65,19753416,0.5624999999781579,0,7.246625961052288,69274187765,warm_cpu_to_warm_disk_process
1699846557.867,2023-11-13 03:35:57.867,1,61.19,19753452,2.0000000000436557,0,7.239091045313496,69274520657,warm_cpu_to_warm_disk_process
1699846558.14,2023-11-13 03:35:58.140,1,58.37,19753452,2.0000000000436557,0,7.239091045313496,69274635631,warm_cpu_to_warm_disk_process
1699846558.415,2023-11-13 03:35:58.415,1,61.02,19753488,2.0000000000436557,0,7.239091045313496,69274777009,warm_cpu_to_warm_disk_process
1699846558.692,2023-11-13 03:35:58.692,1,85.8,19753524,2.0000000000436557,0,7.239091045313496,69274903935,warm_cpu_to_warm_disk_process
1699846559.012,2023-11-13 03:35:59.012,1,85.52,19753524,0.7500000001528093,0,7.2417855701974325,69275249817,warm_cpu_to_warm_disk_process
1699846559.282,2023-11-13 03:35:59.282,1,94.44,19753560,0.7500000001528093,0,7.2417855701974325,69275383233,warm_cpu_to_warm_disk_process
1699846559.562,2023-11-13 03:35:59.562,1,89.4,19753596,0.7500000001528093,0,7.2417855701974325,69275529285,warm_cpu_to_warm_disk_process
1699846559.851,2023-11-13 03:35:59.851,1,62.85,19753596,1.0624999998981366,0,7.240468788806188,69275823310,warm_cpu_to_warm_disk_process
1699846560.123,2023-11-13 03:36:00.123,1,62.73,19753632,1.0624999998981366,0,7.240468788806188,69275990808,warm_cpu_to_warm_disk_process
1699846560.397,2023-11-13 03:36:00.397,1,64.11,19753632,1.0624999998981366,0,7.240468788806188,69276110118,warm_cpu_to_warm_disk_process
1699846560.675,2023-11-13 03:36:00.675,1,59.31,19753668,1.0624999998981366,0,7.240468788806188,69276262088,warm_cpu_to_warm_disk_process
1699846560.948,2023-11-13 03:36:00.948,1,77.08,19753668,1.5000000001236913,0,7.269889098964291,69276509101,warm_cpu_to_warm_disk_process
1699846561.22,2023-11-13 03:36:01.220,1,82.3,19753704,1.5000000001236913,0,7.269889098964291,69276674883,warm_cpu_to_warm_disk_process
1699846561.495,2023-11-13 03:36:01.495,1,89.73,19753740,1.5000000001236913,0,7.269889098964291,69276834778,warm_cpu_to_warm_disk_process
1699846561.783,2023-11-13 03:36:01.783,1,80.7,19753740,1.8750000001091394,0,7.271376574239587,69277037556,warm_cpu_to_warm_disk_process
1699846562.057,2023-11-13 03:36:02.057,1,58.98,19753776,1.8750000001091394,0,7.271376574239587,69277258618,warm_cpu_to_warm_disk_process
1699846562.331,2023-11-13 03:36:02.331,1,68.59,19753776,1.8750000001091394,0,7.271376574239587,69277442252,warm_cpu_to_warm_disk_process
1699846562.609,2023-11-13 03:36:02.609,1,69.17,19753812,1.8750000001091394,0,7.271376574239587,69277596073,warm_cpu_to_warm_disk_process
1699846562.885,2023-11-13 03:36:02.885,1,81.11,19753848,0.9999999994761168,0,7.255648352066378,69277731157,warm_cpu_to_warm_disk_process
1699846563.158,2023-11-13 03:36:03.158,1,82.59,19753848,0.9999999994761168,0,7.255648352066378,69278002941,warm_cpu_to_warm_disk_process
1699846563.432,2023-11-13 03:36:03.432,1,100.94,19753884,0.9999999994761168,0,7.255648352066378,69278149124,warm_cpu_to_warm_disk_process
1699846563.718,2023-11-13 03:36:03.718,1,80.7,19753920,0.9999999994761168,0,7.255648352066378,69278381692,warm_cpu_to_warm_disk_process
1699846564.004,2023-11-13 03:36:04.004,1,83.45,19753920,1.6875000002983285,0,7.247759856139195,69278599454,warm_cpu_to_warm_disk_process
1699846564.281,2023-11-13 03:36:04.281,1,63.92,19753956,1.6875000002983285,0,7.247759856139195,69278871190,warm_cpu_to_warm_disk_process
1699846564.556,2023-11-13 03:36:04.556,1,69.4,19753956,1.6875000002983285,0,7.247759856139195,69279084663,warm_cpu_to_warm_disk_process
1699846564.832,2023-11-13 03:36:04.832,1,58.2,19753956,0.5000000001018634,0,7.264268393210919,69279229162,warm_cpu_to_warm_disk_process
1699846565.109,2023-11-13 03:36:05.109,1,88.04,19753992,0.5000000001018634,0,7.264268393210919,69279356419,warm_cpu_to_warm_disk_process
1699846565.379,2023-11-13 03:36:05.379,1,95.89,19754028,0.5000000001018634,0,7.264268393210919,69279648319,warm_cpu_to_warm_disk_process
1699846565.66,2023-11-13 03:36:05.660,1,79.94,19754064,0.5000000001018634,0,7.264268393210919,69279808966,warm_cpu_to_warm_disk_process
1699846565.942,2023-11-13 03:36:05.942,1,72.47,19754064,1.9374999998035634,0,7.266780031790517,69279998251,warm_cpu_to_warm_disk_process
1699846566.216,2023-11-13 03:36:06.216,1,59.18,19754100,1.9374999998035634,0,7.266780031790517,69280120270,warm_cpu_to_warm_disk_process
1699846566.485,2023-11-13 03:36:06.485,1,70.08,19754100,1.9374999998035634,0,7.266780031790517,69280423626,warm_cpu_to_warm_disk_process
1699846566.762,2023-11-13 03:36:06.762,1,57.48,19754136,0.8125000000291038,0,7.250210532617346,69280575545,warm_cpu_to_warm_disk_process
1699846567.04,2023-11-13 03:36:07.040,1,73.83,19754136,0.8125000000291038,0,7.250210532617346,69280688872,warm_cpu_to_warm_disk_process
1699846567.319,2023-11-13 03:36:07.319,1,94.88,19754172,0.8125000000291038,0,7.250210532617346,69280831550,warm_cpu_to_warm_disk_process
1699846567.596,2023-11-13 03:36:07.596,1,91.79,19754208,0.8125000000291038,0,7.250210532617346,69281141201,warm_cpu_to_warm_disk_process
1699846567.87,2023-11-13 03:36:07.870,1,77.7,19754244,1.562500000363812,0,7.226374350951746,69281304869,warm_cpu_to_warm_disk_process
1699846568.151,2023-11-13 03:36:08.151,1,57.74,19754244,1.562500000363812,0,7.226374350951746,69281420555,warm_cpu_to_warm_disk_process
1699846568.427,2023-11-13 03:36:08.427,1,65.51,19754244,1.562500000363812,0,7.226374350951746,69281564456,warm_cpu_to_warm_disk_process
1699846568.701,2023-11-13 03:36:08.701,1,59.98,19754280,1.562500000363812,0,7.226374350951746,69281850600,warm_cpu_to_warm_disk_process
1699846568.974,2023-11-13 03:36:08.974,1,72.04,19754280,1.1249999997744453,0,7.2159864088652546,69281984457,warm_cpu_to_warm_disk_process
1699846569.251,2023-11-13 03:36:09.251,1,95.3,19754316,1.1249999997744453,0,7.2159864088652546,69282136301,warm_cpu_to_warm_disk_process
1699846569.526,2023-11-13 03:36:09.526,1,92.62,19754352,1.1249999997744453,0,7.2159864088652546,69282278178,warm_cpu_to_warm_disk_process
1699846569.8,2023-11-13 03:36:09.800,1,83.78,19754352,1.1249999997744595,0,7.214511126010249,69282608326,warm_cpu_to_warm_disk_process
1699846570.078,2023-11-13 03:36:10.078,1,75.76,19754388,1.1249999997744595,0,7.214511126010249,69282724400,warm_cpu_to_warm_disk_process
1699846570.353,2023-11-13 03:36:10.353,1,64.27,19754424,1.1249999997744595,0,7.214511126010249,69282841236,warm_cpu_to_warm_disk_process
1699846570.628,2023-11-13 03:36:10.628,1,69.06,19754424,1.1249999997744595,0,7.214511126010249,69282993729,warm_cpu_to_warm_disk_process
1699846570.92,2023-11-13 03:36:10.920,1,72.6,19754460,1.375000000189189,0,7.247503815313119,69283539673,warm_cpu_to_warm_disk_process
1699846571.195,2023-11-13 03:36:11.195,1,93.71,19754460,1.375000000189189,0,7.247503815313119,69283713346,warm_cpu_to_warm_disk_process
1699846571.468,2023-11-13 03:36:11.468,1,95.31,19754496,1.375000000189189,0,7.247503815313119,69283879373,warm_cpu_to_warm_disk_process
1699846571.743,2023-11-13 03:36:11.743,1,98.89,19754532,1.375000000189189,0,7.247503815313119,69284024921,warm_cpu_to_warm_disk_process
1699846572.032,2023-11-13 03:36:12.032,1,81.74,19754532,3.312499999992724,0,7.191443066822877,69284387445,warm_cpu_to_warm_disk_process
1699846798.968,2023-11-13 03:39:58.968,1,74.16,19776708,0.8750000000873115,0,8.066651572450349,69727722676,active_to_warm_disk_process
1699846799.301,2023-11-13 03:39:59.301,1,95.46,19776744,0.8750000000873115,0,8.066651572450349,69728381420,active_to_warm_disk_process
1699846799.626,2023-11-13 03:39:59.626,1,82.6,19776780,0.8750000000873115,0,8.066651572450349,69729590804,active_to_warm_disk_process
1699846800.098,2023-11-13 03:40:00.098,1,92.39,19776816,1.8750000002910383,0,8.07861233675416,69732901533,active_to_warm_disk_process
1699846800.407,2023-11-13 03:40:00.407,1,67.26,19776852,1.8750000002910383,0,8.07861233675416,69734679008,active_to_warm_disk_process
1699846800.692,2023-11-13 03:40:00.692,1,64.34,19776852,1.8750000002910383,0,8.07861233675416,69734820876,active_to_warm_disk_process
1699846800.968,2023-11-13 03:40:00.968,1,60.57,19776888,1.3124999994033573,0,8.096913159608414,69735128912,active_to_warm_disk_process
1699846801.242,2023-11-13 03:40:01.242,1,61.65,19776924,1.3124999994033573,0,8.096913159608414,69735321740,active_to_warm_disk_process
1699846801.517,2023-11-13 03:40:01.517,1,81.93,19776924,1.3124999994033573,0,8.096913159608414,69735480690,active_to_warm_disk_process
1699846801.787,2023-11-13 03:40:01.787,1,91.54,19776924,2.875000000312866,0,7.274961145804642,69735804883,active_to_warm_disk_process
1699846802.063,2023-11-13 03:40:02.063,1,76.49,19776960,2.875000000312866,0,7.274961145804642,69735932256,active_to_warm_disk_process
1699846802.337,2023-11-13 03:40:02.337,1,79.73,19776996,2.875000000312866,0,7.274961145804642,69736045663,active_to_warm_disk_process
1699846802.613,2023-11-13 03:40:02.613,1,64.93,19777032,2.875000000312866,0,7.274961145804642,69736236687,active_to_warm_disk_process
1699846802.887,2023-11-13 03:40:02.887,1,62.01,19777032,1.1249999997744453,0,7.2497594130666405,69736527036,active_to_warm_disk_process
1699846803.165,2023-11-13 03:40:03.165,1,56.65,19777032,1.1249999997744453,0,7.2497594130666405,69736648743,active_to_warm_disk_process
1699846803.44,2023-11-13 03:40:03.440,1,77.08,19777068,1.1249999997744453,0,7.2497594130666405,69736797231,active_to_warm_disk_process
1699846803.714,2023-11-13 03:40:03.714,1,83.17,19777104,1.1249999997744453,0,7.2497594130666405,69736932977,active_to_warm_disk_process
1699846803.999,2023-11-13 03:40:03.999,1,80.37,19777104,2.0624999999199503,0,7.283276376441952,69737227752,active_to_warm_disk_process
1699846804.271,2023-11-13 03:40:04.271,1,54.92,19777140,2.0624999999199503,0,7.283276376441952,69737342900,active_to_warm_disk_process
1699846804.543,2023-11-13 03:40:04.543,1,68.27,19777140,2.0624999999199503,0,7.283276376441952,69737511779,active_to_warm_disk_process
1699846804.818,2023-11-13 03:40:04.818,1,68.97,19777176,0.5625000001600711,0,7.298529094223878,69737654999,active_to_warm_disk_process
1699846805.09,2023-11-13 03:40:05.090,1,89.81,19777176,0.5625000001600711,0,7.298529094223878,69737925790,active_to_warm_disk_process
1699846805.369,2023-11-13 03:40:05.369,1,92.01,19777212,0.5625000001600711,0,7.298529094223878,69738055458,active_to_warm_disk_process
1699846805.656,2023-11-13 03:40:05.656,1,90.15,19777248,0.5625000001600711,0,7.298529094223878,69738298071,active_to_warm_disk_process
1699846805.932,2023-11-13 03:40:05.932,1,81.56,19777248,1.8125000000509317,0,7.302259974832406,69738486952,active_to_warm_disk_process
1699846806.207,2023-11-13 03:40:06.207,1,55.3,19777284,1.8125000000509317,0,7.302259974832406,69738793206,active_to_warm_disk_process
1699846806.487,2023-11-13 03:40:06.487,1,65.34,19777284,1.8125000000509317,0,7.302259974832406,69738962478,active_to_warm_disk_process
1699846806.766,2023-11-13 03:40:06.766,1,63.18,19777320,1.437499999883599,0,7.309087730194419,69739170797,active_to_warm_disk_process
1699846807.041,2023-11-13 03:40:07.041,1,91.06,19777356,1.437499999883599,0,7.309087730194419,69739288958,active_to_warm_disk_process
1699846807.315,2023-11-13 03:40:07.315,1,93.86,19777356,1.437499999883599,0,7.309087730194419,69739581600,active_to_warm_disk_process
1699846807.591,2023-11-13 03:40:07.591,1,96.15,19777392,1.437499999883599,0,7.309087730194419,69739719782,active_to_warm_disk_process
1699846807.867,2023-11-13 03:40:07.867,1,83.12,19777428,1.5624999996362021,0,7.311440867310255,69739889965,active_to_warm_disk_process
1699846808.139,2023-11-13 03:40:08.139,1,76.34,19777428,1.5624999996362021,0,7.311440867310255,69740002861,active_to_warm_disk_process
1699846808.416,2023-11-13 03:40:08.416,1,62.95,19777464,1.5624999996362021,0,7.311440867310255,69740293582,active_to_warm_disk_process
1699846808.697,2023-11-13 03:40:08.697,1,67.79,19777464,1.5624999996362021,0,7.311440867310255,69740475208,active_to_warm_disk_process
1699846808.973,2023-11-13 03:40:08.973,1,60.36,19777500,0.750000000334694,0,7.300918808600581,69740608079,active_to_warm_disk_process
1699846809.25,2023-11-13 03:40:09.250,1,63.89,19777500,0.750000000334694,0,7.300918808600581,69740722901,active_to_warm_disk_process
1699846809.524,2023-11-13 03:40:09.524,1,70.0,19777536,0.750000000334694,0,7.300918808600581,69741035689,active_to_warm_disk_process
1699846809.795,2023-11-13 03:40:09.795,1,69.51,19777536,2.1875000002182645,0,7.305856738817752,69741187878,active_to_warm_disk_process
1699846810.07,2023-11-13 03:40:10.070,1,77.78,19777572,2.1875000002182645,0,7.305856738817752,69741300518,active_to_warm_disk_process
1699846810.343,2023-11-13 03:40:10.343,1,80.4,19777572,2.1875000002182645,0,7.305856738817752,69741417401,active_to_warm_disk_process
1699846810.626,2023-11-13 03:40:10.626,1,68.29,19777608,2.1875000002182645,0,7.305856738817752,69741764613,active_to_warm_disk_process
1699846810.9,2023-11-13 03:40:10.900,1,64.11,19777644,0.8125000002110028,0,7.306758977919162,69741904906,active_to_warm_disk_process
1699846811.179,2023-11-13 03:40:11.179,1,56.3,19777644,0.8125000002110028,0,7.306758977919162,69742033942,active_to_warm_disk_process
1699846811.45,2023-11-13 03:40:11.450,1,69.37,19777680,0.8125000002110028,0,7.306758977919162,69742191334,active_to_warm_disk_process
1699846811.726,2023-11-13 03:40:11.726,1,68.89,19777680,0.8125000002110028,0,7.306758977919162,69742479002,active_to_warm_disk_process
1699846812.005,2023-11-13 03:40:12.005,1,81.78,19777716,1.4999999995779945,0,7.304917922455475,69742609092,active_to_warm_disk_process
1699846812.283,2023-11-13 03:40:12.283,1,81.19,19777716,1.4999999995779945,0,7.304917922455475,69742735570,active_to_warm_disk_process
1699846812.558,2023-11-13 03:40:12.558,1,87.75,19777752,1.4999999995779945,0,7.304917922455475,69742900590,active_to_warm_disk_process
1699846812.89,2023-11-13 03:40:12.890,1,78.43,19777788,0.5625000001600853,0,7.287750994688129,69743221055,active_to_warm_disk_process
1699846813.165,2023-11-13 03:40:13.165,1,59.85,19777788,0.5625000001600853,0,7.287750994688129,69743337682,active_to_warm_disk_process
1699846813.442,2023-11-13 03:40:13.442,1,71.42,19777824,0.5625000001600853,0,7.287750994688129,69743494702,active_to_warm_disk_process
1699846813.718,2023-11-13 03:40:13.718,1,64.2,19777824,0.5625000001600853,0,7.287750994688129,69743683962,active_to_warm_disk_process
1699846813.994,2023-11-13 03:40:13.994,1,58.6,19777860,1.9375000001673328,0,7.25419745405195,69743930638,active_to_warm_disk_process
1699846814.268,2023-11-13 03:40:14.268,1,77.8,19777896,1.9375000001673328,0,7.25419745405195,69744044120,active_to_warm_disk_process
1699846814.545,2023-11-13 03:40:14.545,1,83.36,19777896,1.9375000001673328,0,7.25419745405195,69744197738,active_to_warm_disk_process
1699846814.823,2023-11-13 03:40:14.823,1,80.52,19777932,1.3124999995852846,0,7.241846532298879,69744502346,active_to_warm_disk_process
1699846815.098,2023-11-13 03:40:15.098,1,55.33,19777932,1.3124999995852846,0,7.241846532298879,69744723400,active_to_warm_disk_process
1699846815.372,2023-11-13 03:40:15.372,1,64.97,19777968,1.3124999995852846,0,7.241846532298879,69744850590,active_to_warm_disk_process
1699846815.645,2023-11-13 03:40:15.645,1,63.18,19777968,1.3124999995852846,0,7.241846532298879,69745097723,active_to_warm_disk_process
1699846815.925,2023-11-13 03:40:15.925,1,62.27,19778004,1.375000000734886,0,7.269389209732428,69745363851,active_to_warm_disk_process
1699846816.203,2023-11-13 03:40:16.203,1,84.03,19778004,1.375000000734886,0,7.269389209732428,69745573402,active_to_warm_disk_process
1699846816.478,2023-11-13 03:40:16.478,1,84.92,19778040,1.375000000734886,0,7.269389209732428,69745727487,active_to_warm_disk_process
1699846816.752,2023-11-13 03:40:16.752,1,80.81,19778076,1.375000000734886,0,7.251429774646277,69745963393,active_to_warm_disk_process
1699846817.026,2023-11-13 03:40:17.026,1,55.12,19778076,1.374999999643478,0,7.251429774646277,69746182831,active_to_warm_disk_process
1699846817.299,2023-11-13 03:40:17.299,1,68.93,19778112,1.374999999643478,0,7.251429774646277,69746376502,active_to_warm_disk_process
1699846817.575,2023-11-13 03:40:17.575,1,72.52,19778112,1.374999999643478,0,7.251429774646277,69746516923,active_to_warm_disk_process
1699846817.855,2023-11-13 03:40:17.855,1,64.81,19778148,1.8750000001091536,0,7.2401274010380865,69746677657,active_to_warm_disk_process
1699846818.129,2023-11-13 03:40:18.129,1,84.52,19778148,1.8750000001091536,0,7.2401274010380865,69746909847,active_to_warm_disk_process
1699846818.403,2023-11-13 03:40:18.403,1,79.23,19778184,1.8750000001091536,0,7.2401274010380865,69747083330,active_to_warm_disk_process
1699846818.681,2023-11-13 03:40:18.681,1,80.55,19778220,1.8750000001091536,0,7.2401274010380865,69747258151,active_to_warm_disk_process
1699846818.955,2023-11-13 03:40:18.955,1,88.94,19778220,0.9375000001455049,0,7.249040060269572,69747402314,active_to_warm_disk_process
1699846819.231,2023-11-13 03:40:19.231,1,65.41,19778256,0.9375000001455049,0,7.249040060269572,69747623306,active_to_warm_disk_process
1699846819.505,2023-11-13 03:40:19.505,1,72.27,19778256,0.9375000001455049,0,7.249040060269572,69747821801,active_to_warm_disk_process
1699846819.776,2023-11-13 03:40:19.776,1,60.78,19778292,1.8124999995052349,0,7.262598031631283,69748034707,active_to_warm_disk_process
1699846820.047,2023-11-13 03:40:20.047,1,87.35,19778292,1.8124999995052349,0,7.262598031631283,69748149655,active_to_warm_disk_process
1699846820.319,2023-11-13 03:40:20.319,1,85.14,19778328,1.8124999995052349,0,7.262598031631283,69748427384,active_to_warm_disk_process
1699846820.6,2023-11-13 03:40:20.600,1,86.28,19778328,1.8124999995052349,0,7.262598031631283,69748627099,active_to_warm_disk_process
1699846820.875,2023-11-13 03:40:20.875,1,91.26,19778364,0.6874999999126743,0,7.2648048597036485,69748806314,active_to_warm_disk_process
1699846821.152,2023-11-13 03:40:21.152,1,76.3,19778400,0.6874999999126743,0,7.2648048597036485,69748939873,active_to_warm_disk_process
1699846821.429,2023-11-13 03:40:21.429,1,72.25,19778436,0.6874999999126743,0,7.2648048597036485,69749171273,active_to_warm_disk_process
1699846821.751,2023-11-13 03:40:21.751,1,60.94,19778436,0.6874999999126743,0,7.2648048597036485,69749381866,active_to_warm_disk_process
1699846822.025,2023-11-13 03:40:22.025,1,87.68,19778472,1.6874999999345306,0,7.281593822442027,69749514688,active_to_warm_disk_process
1699846822.301,2023-11-13 03:40:22.301,1,87.69,19778472,1.6874999999345306,0,7.281593822442027,69749639149,active_to_warm_disk_process
1699846822.576,2023-11-13 03:40:22.576,1,92.15,19778508,1.6874999999345306,0,7.281593822442027,69749883554,active_to_warm_disk_process
1699846822.859,2023-11-13 03:40:22.859,1,87.92,19778544,1.0625000004438476,0,7.2669629180948565,69750123432,active_to_warm_disk_process
1699846823.135,2023-11-13 03:40:23.135,1,78.47,19778544,1.0625000004438476,0,7.2669629180948565,69750239406,active_to_warm_disk_process
1699846823.41,2023-11-13 03:40:23.410,1,71.97,19778580,1.0625000004438476,0,7.2669629180948565,69750396685,active_to_warm_disk_process
1699846823.684,2023-11-13 03:40:23.684,1,59.91,19778580,1.0625000004438476,0,7.2669629180948565,69750638780,active_to_warm_disk_process
1699846823.957,2023-11-13 03:40:23.957,1,62.33,19778616,2.0624999997380797,0,7.303369485078733,69751056833,active_to_warm_disk_process
1699846824.233,2023-11-13 03:40:24.233,1,85.84,19778652,2.0624999997380797,0,7.303369485078733,69751174289,active_to_warm_disk_process
1699846824.508,2023-11-13 03:40:24.508,1,88.79,19778652,2.0624999997380797,0,7.303369485078733,69751314902,active_to_warm_disk_process
1699846824.792,2023-11-13 03:40:24.792,1,82.48,19778688,0.06249999987630872,0,7.343250891845063,69751597129,active_to_warm_disk_process
1699846825.08,2023-11-13 03:40:25.080,1,77.77,19778688,0.06249999987630872,0,7.343250891845063,69751767070,active_to_warm_disk_process
1699846825.358,2023-11-13 03:40:25.358,1,68.28,19778724,0.06249999987630872,0,7.343250891845063,69751891651,active_to_warm_disk_process
1699846825.647,2023-11-13 03:40:25.647,1,60.33,19778760,0.06249999987630872,0,7.343250891845063,69752264213,active_to_warm_disk_process
1699846825.924,2023-11-13 03:40:25.924,1,64.68,19778760,2.0624999999199787,0,7.286251326992543,69752605716,active_to_warm_disk_process
1699846826.197,2023-11-13 03:40:26.197,1,88.89,19778760,2.0624999999199787,0,7.286251326992543,69752766310,active_to_warm_disk_process
1699846826.478,2023-11-13 03:40:26.478,1,89.21,19778796,2.0624999999199787,0,7.286251326992543,69752918558,active_to_warm_disk_process
1699846826.755,2023-11-13 03:40:26.755,1,83.19,19778832,0.7499999997889972,0,7.288141152137387,69753157256,active_to_warm_disk_process
1699846827.034,2023-11-13 03:40:27.034,1,78.55,19778868,0.7499999997889972,0,7.288141152137387,69753444736,active_to_warm_disk_process
1699846827.309,2023-11-13 03:40:27.309,1,83.81,19778868,0.7499999997889972,0,7.288141152137387,69753587437,active_to_warm_disk_process
1699846827.586,2023-11-13 03:40:27.586,1,75.95,19778904,0.7499999997889972,0,7.288141152137387,69753728906,active_to_warm_disk_process
1699846827.864,2023-11-13 03:40:27.864,1,60.64,19778904,2.3125000003347083,0,7.301223619107815,69753887279,active_to_warm_disk_process
1699846828.136,2023-11-13 03:40:28.136,1,61.89,19778940,2.3125000003347083,0,7.301223619107815,69754174112,active_to_warm_disk_process
1699846828.413,2023-11-13 03:40:28.413,1,59.84,19778940,2.3125000003347083,0,7.301223619107815,69754306159,active_to_warm_disk_process
1699846828.693,2023-11-13 03:40:28.693,1,56.82,19778976,2.3125000003347083,0,7.301223619107815,69754453170,active_to_warm_disk_process
1699846828.973,2023-11-13 03:40:28.973,1,87.36,19778976,0.5000000001018634,0,7.310099701078432,69754627380,active_to_warm_disk_process
1699846829.25,2023-11-13 03:40:29.250,1,99.33,19779012,0.5000000001018634,0,7.310099701078432,69754906410,active_to_warm_disk_process
1699846829.522,2023-11-13 03:40:29.522,1,107.43,19779048,0.5000000001018634,0,7.310099701078432,69755051809,active_to_warm_disk_process
1699846829.793,2023-11-13 03:40:29.793,1,91.85,19779048,1.687500000116401,0,7.306576091614822,69755241546,active_to_warm_disk_process
1699846830.068,2023-11-13 03:40:30.068,1,118.71,19779120,1.687500000116401,0,7.306576091614822,69755369878,active_to_warm_disk_process
1699846830.345,2023-11-13 03:40:30.345,1,102.52,19779120,1.687500000116401,0,7.306576091614822,69755686989,active_to_warm_disk_process
